==8397== Memcheck, a memory error detector
==8397== Copyright (C) 2002-2024, and GNU GPL'd, by Julian Seward et al.
==8397== Using Valgrind-3.24.0 and LibVEX; rerun with -h for copyright info
==8397== Command: ./s21_string_test
==8397== Parent PID: 8149
==8397== 
==8423== 
==8423== HEAP SUMMARY:
==8423==     in use at exit: 12,796 bytes in 475 blocks
==8423==   total heap usage: 564 allocs, 89 frees, 20,260 bytes allocated
==8423== 
==8423== LEAK SUMMARY:
==8423==    definitely lost: 0 bytes in 0 blocks
==8423==    indirectly lost: 0 bytes in 0 blocks
==8423==      possibly lost: 0 bytes in 0 blocks
==8423==    still reachable: 12,796 bytes in 475 blocks
==8423==         suppressed: 0 bytes in 0 blocks
==8423== Reachable blocks (those to which a pointer was found) are not shown.
==8423== To see them, rerun with: --leak-check=full --show-leak-kinds=all
==8423== 
==8423== For lists of detected and suppressed errors, rerun with: -s
==8423== ERROR SUMMARY: 0 errors from 0 contexts (suppressed: 0 from 0)
==8424== 
==8424== HEAP SUMMARY:
==8424==     in use at exit: 12,877 bytes in 478 blocks
==8424==   total heap usage: 577 allocs, 99 frees, 33,336 bytes allocated
==8424== 
==8424== LEAK SUMMARY:
==8424==    definitely lost: 0 bytes in 0 blocks
==8424==    indirectly lost: 0 bytes in 0 blocks
==8424==      possibly lost: 0 bytes in 0 blocks
==8424==    still reachable: 12,877 bytes in 478 blocks
==8424==         suppressed: 0 bytes in 0 blocks
==8424== Reachable blocks (those to which a pointer was found) are not shown.
==8424== To see them, rerun with: --leak-check=full --show-leak-kinds=all
==8424== 
==8424== For lists of detected and suppressed errors, rerun with: -s
==8424== ERROR SUMMARY: 0 errors from 0 contexts (suppressed: 0 from 0)
==8425== 
==8425== HEAP SUMMARY:
==8425==     in use at exit: 12,966 bytes in 481 blocks
==8425==   total heap usage: 591 allocs, 110 frees, 46,439 bytes allocated
==8425== 
==8425== LEAK SUMMARY:
==8425==    definitely lost: 0 bytes in 0 blocks
==8425==    indirectly lost: 0 bytes in 0 blocks
==8425==      possibly lost: 0 bytes in 0 blocks
==8425==    still reachable: 12,966 bytes in 481 blocks
==8425==         suppressed: 0 bytes in 0 blocks
==8425== Reachable blocks (those to which a pointer was found) are not shown.
==8425== To see them, rerun with: --leak-check=full --show-leak-kinds=all
==8425== 
==8425== For lists of detected and suppressed errors, rerun with: -s
==8425== ERROR SUMMARY: 0 errors from 0 contexts (suppressed: 0 from 0)
==8426== 
==8426== HEAP SUMMARY:
==8426==     in use at exit: 13,063 bytes in 484 blocks
==8426==   total heap usage: 605 allocs, 121 frees, 59,558 bytes allocated
==8426== 
==8426== LEAK SUMMARY:
==8426==    definitely lost: 0 bytes in 0 blocks
==8426==    indirectly lost: 0 bytes in 0 blocks
==8426==      possibly lost: 0 bytes in 0 blocks
==8426==    still reachable: 13,063 bytes in 484 blocks
==8426==         suppressed: 0 bytes in 0 blocks
==8426== Reachable blocks (those to which a pointer was found) are not shown.
==8426== To see them, rerun with: --leak-check=full --show-leak-kinds=all
==8426== 
==8426== For lists of detected and suppressed errors, rerun with: -s
==8426== ERROR SUMMARY: 0 errors from 0 contexts (suppressed: 0 from 0)
==8427== 
==8427== HEAP SUMMARY:
==8427==     in use at exit: 13,144 bytes in 487 blocks
==8427==   total heap usage: 618 allocs, 131 frees, 72,645 bytes allocated
==8427== 
==8427== LEAK SUMMARY:
==8427==    definitely lost: 0 bytes in 0 blocks
==8427==    indirectly lost: 0 bytes in 0 blocks
==8427==      possibly lost: 0 bytes in 0 blocks
==8427==    still reachable: 13,144 bytes in 487 blocks
==8427==         suppressed: 0 bytes in 0 blocks
==8427== Reachable blocks (those to which a pointer was found) are not shown.
==8427== To see them, rerun with: --leak-check=full --show-leak-kinds=all
==8427== 
==8427== For lists of detected and suppressed errors, rerun with: -s
==8427== ERROR SUMMARY: 0 errors from 0 contexts (suppressed: 0 from 0)
==8428== 
==8428== HEAP SUMMARY:
==8428==     in use at exit: 13,257 bytes in 490 blocks
==8428==   total heap usage: 632 allocs, 142 frees, 85,796 bytes allocated
==8428== 
==8428== LEAK SUMMARY:
==8428==    definitely lost: 0 bytes in 0 blocks
==8428==    indirectly lost: 0 bytes in 0 blocks
==8428==      possibly lost: 0 bytes in 0 blocks
==8428==    still reachable: 13,257 bytes in 490 blocks
==8428==         suppressed: 0 bytes in 0 blocks
==8428== Reachable blocks (those to which a pointer was found) are not shown.
==8428== To see them, rerun with: --leak-check=full --show-leak-kinds=all
==8428== 
==8428== For lists of detected and suppressed errors, rerun with: -s
==8428== ERROR SUMMARY: 0 errors from 0 contexts (suppressed: 0 from 0)
==8429== 
==8429== HEAP SUMMARY:
==8429==     in use at exit: 13,338 bytes in 493 blocks
==8429==   total heap usage: 645 allocs, 152 frees, 98,883 bytes allocated
==8429== 
==8429== LEAK SUMMARY:
==8429==    definitely lost: 0 bytes in 0 blocks
==8429==    indirectly lost: 0 bytes in 0 blocks
==8429==      possibly lost: 0 bytes in 0 blocks
==8429==    still reachable: 13,338 bytes in 493 blocks
==8429==         suppressed: 0 bytes in 0 blocks
==8429== Reachable blocks (those to which a pointer was found) are not shown.
==8429== To see them, rerun with: --leak-check=full --show-leak-kinds=all
==8429== 
==8429== For lists of detected and suppressed errors, rerun with: -s
==8429== ERROR SUMMARY: 0 errors from 0 contexts (suppressed: 0 from 0)
==8430== 
==8430== HEAP SUMMARY:
==8430==     in use at exit: 13,419 bytes in 496 blocks
==8430==   total heap usage: 658 allocs, 162 frees, 111,970 bytes allocated
==8430== 
==8430== LEAK SUMMARY:
==8430==    definitely lost: 0 bytes in 0 blocks
==8430==    indirectly lost: 0 bytes in 0 blocks
==8430==      possibly lost: 0 bytes in 0 blocks
==8430==    still reachable: 13,419 bytes in 496 blocks
==8430==         suppressed: 0 bytes in 0 blocks
==8430== Reachable blocks (those to which a pointer was found) are not shown.
==8430== To see them, rerun with: --leak-check=full --show-leak-kinds=all
==8430== 
==8430== For lists of detected and suppressed errors, rerun with: -s
==8430== ERROR SUMMARY: 0 errors from 0 contexts (suppressed: 0 from 0)
==8431== 
==8431== HEAP SUMMARY:
==8431==     in use at exit: 13,500 bytes in 499 blocks
==8431==   total heap usage: 671 allocs, 172 frees, 125,057 bytes allocated
==8431== 
==8431== LEAK SUMMARY:
==8431==    definitely lost: 0 bytes in 0 blocks
==8431==    indirectly lost: 0 bytes in 0 blocks
==8431==      possibly lost: 0 bytes in 0 blocks
==8431==    still reachable: 13,500 bytes in 499 blocks
==8431==         suppressed: 0 bytes in 0 blocks
==8431== Reachable blocks (those to which a pointer was found) are not shown.
==8431== To see them, rerun with: --leak-check=full --show-leak-kinds=all
==8431== 
==8431== For lists of detected and suppressed errors, rerun with: -s
==8431== ERROR SUMMARY: 0 errors from 0 contexts (suppressed: 0 from 0)
==8432== 
==8432== HEAP SUMMARY:
==8432==     in use at exit: 13,645 bytes in 502 blocks
==8432==   total heap usage: 685 allocs, 183 frees, 138,272 bytes allocated
==8432== 
==8432== LEAK SUMMARY:
==8432==    definitely lost: 0 bytes in 0 blocks
==8432==    indirectly lost: 0 bytes in 0 blocks
==8432==      possibly lost: 0 bytes in 0 blocks
==8432==    still reachable: 13,645 bytes in 502 blocks
==8432==         suppressed: 0 bytes in 0 blocks
==8432== Reachable blocks (those to which a pointer was found) are not shown.
==8432== To see them, rerun with: --leak-check=full --show-leak-kinds=all
==8432== 
==8432== For lists of detected and suppressed errors, rerun with: -s
==8432== ERROR SUMMARY: 0 errors from 0 contexts (suppressed: 0 from 0)
==8433== 
==8433== HEAP SUMMARY:
==8433==     in use at exit: 13,726 bytes in 505 blocks
==8433==   total heap usage: 698 allocs, 193 frees, 151,359 bytes allocated
==8433== 
==8433== LEAK SUMMARY:
==8433==    definitely lost: 0 bytes in 0 blocks
==8433==    indirectly lost: 0 bytes in 0 blocks
==8433==      possibly lost: 0 bytes in 0 blocks
==8433==    still reachable: 13,726 bytes in 505 blocks
==8433==         suppressed: 0 bytes in 0 blocks
==8433== Reachable blocks (those to which a pointer was found) are not shown.
==8433== To see them, rerun with: --leak-check=full --show-leak-kinds=all
==8433== 
==8433== For lists of detected and suppressed errors, rerun with: -s
==8433== ERROR SUMMARY: 0 errors from 0 contexts (suppressed: 0 from 0)
==8434== 
==8434== HEAP SUMMARY:
==8434==     in use at exit: 13,807 bytes in 508 blocks
==8434==   total heap usage: 711 allocs, 203 frees, 164,446 bytes allocated
==8434== 
==8434== LEAK SUMMARY:
==8434==    definitely lost: 0 bytes in 0 blocks
==8434==    indirectly lost: 0 bytes in 0 blocks
==8434==      possibly lost: 0 bytes in 0 blocks
==8434==    still reachable: 13,807 bytes in 508 blocks
==8434==         suppressed: 0 bytes in 0 blocks
==8434== Reachable blocks (those to which a pointer was found) are not shown.
==8434== To see them, rerun with: --leak-check=full --show-leak-kinds=all
==8434== 
==8434== For lists of detected and suppressed errors, rerun with: -s
==8434== ERROR SUMMARY: 0 errors from 0 contexts (suppressed: 0 from 0)
==8435== 
==8435== HEAP SUMMARY:
==8435==     in use at exit: 13,888 bytes in 511 blocks
==8435==   total heap usage: 724 allocs, 213 frees, 177,533 bytes allocated
==8435== 
==8435== LEAK SUMMARY:
==8435==    definitely lost: 0 bytes in 0 blocks
==8435==    indirectly lost: 0 bytes in 0 blocks
==8435==      possibly lost: 0 bytes in 0 blocks
==8435==    still reachable: 13,888 bytes in 511 blocks
==8435==         suppressed: 0 bytes in 0 blocks
==8435== Reachable blocks (those to which a pointer was found) are not shown.
==8435== To see them, rerun with: --leak-check=full --show-leak-kinds=all
==8435== 
==8435== For lists of detected and suppressed errors, rerun with: -s
==8435== ERROR SUMMARY: 0 errors from 0 contexts (suppressed: 0 from 0)
==8436== 
==8436== HEAP SUMMARY:
==8436==     in use at exit: 13,969 bytes in 514 blocks
==8436==   total heap usage: 735 allocs, 221 frees, 190,573 bytes allocated
==8436== 
==8436== LEAK SUMMARY:
==8436==    definitely lost: 0 bytes in 0 blocks
==8436==    indirectly lost: 0 bytes in 0 blocks
==8436==      possibly lost: 0 bytes in 0 blocks
==8436==    still reachable: 13,969 bytes in 514 blocks
==8436==         suppressed: 0 bytes in 0 blocks
==8436== Reachable blocks (those to which a pointer was found) are not shown.
==8436== To see them, rerun with: --leak-check=full --show-leak-kinds=all
==8436== 
==8436== For lists of detected and suppressed errors, rerun with: -s
==8436== ERROR SUMMARY: 0 errors from 0 contexts (suppressed: 0 from 0)
==8437== 
==8437== HEAP SUMMARY:
==8437==     in use at exit: 14,050 bytes in 517 blocks
==8437==   total heap usage: 746 allocs, 229 frees, 203,624 bytes allocated
==8437== 
==8437== LEAK SUMMARY:
==8437==    definitely lost: 0 bytes in 0 blocks
==8437==    indirectly lost: 0 bytes in 0 blocks
==8437==      possibly lost: 0 bytes in 0 blocks
==8437==    still reachable: 14,050 bytes in 517 blocks
==8437==         suppressed: 0 bytes in 0 blocks
==8437== Reachable blocks (those to which a pointer was found) are not shown.
==8437== To see them, rerun with: --leak-check=full --show-leak-kinds=all
==8437== 
==8437== For lists of detected and suppressed errors, rerun with: -s
==8437== ERROR SUMMARY: 0 errors from 0 contexts (suppressed: 0 from 0)
==8438== 
==8438== HEAP SUMMARY:
==8438==     in use at exit: 14,131 bytes in 520 blocks
==8438==   total heap usage: 757 allocs, 237 frees, 216,675 bytes allocated
==8438== 
==8438== LEAK SUMMARY:
==8438==    definitely lost: 0 bytes in 0 blocks
==8438==    indirectly lost: 0 bytes in 0 blocks
==8438==      possibly lost: 0 bytes in 0 blocks
==8438==    still reachable: 14,131 bytes in 520 blocks
==8438==         suppressed: 0 bytes in 0 blocks
==8438== Reachable blocks (those to which a pointer was found) are not shown.
==8438== To see them, rerun with: --leak-check=full --show-leak-kinds=all
==8438== 
==8438== For lists of detected and suppressed errors, rerun with: -s
==8438== ERROR SUMMARY: 0 errors from 0 contexts (suppressed: 0 from 0)
==8439== 
==8439== HEAP SUMMARY:
==8439==     in use at exit: 14,212 bytes in 523 blocks
==8439==   total heap usage: 768 allocs, 245 frees, 229,726 bytes allocated
==8439== 
==8439== LEAK SUMMARY:
==8439==    definitely lost: 0 bytes in 0 blocks
==8439==    indirectly lost: 0 bytes in 0 blocks
==8439==      possibly lost: 0 bytes in 0 blocks
==8439==    still reachable: 14,212 bytes in 523 blocks
==8439==         suppressed: 0 bytes in 0 blocks
==8439== Reachable blocks (those to which a pointer was found) are not shown.
==8439== To see them, rerun with: --leak-check=full --show-leak-kinds=all
==8439== 
==8439== For lists of detected and suppressed errors, rerun with: -s
==8439== ERROR SUMMARY: 0 errors from 0 contexts (suppressed: 0 from 0)
==8440== 
==8440== HEAP SUMMARY:
==8440==     in use at exit: 14,421 bytes in 526 blocks
==8440==   total heap usage: 782 allocs, 256 frees, 2,243,033 bytes allocated
==8440== 
==8440== LEAK SUMMARY:
==8440==    definitely lost: 0 bytes in 0 blocks
==8440==    indirectly lost: 0 bytes in 0 blocks
==8440==      possibly lost: 0 bytes in 0 blocks
==8440==    still reachable: 14,421 bytes in 526 blocks
==8440==         suppressed: 0 bytes in 0 blocks
==8440== Reachable blocks (those to which a pointer was found) are not shown.
==8440== To see them, rerun with: --leak-check=full --show-leak-kinds=all
==8440== 
==8440== For lists of detected and suppressed errors, rerun with: -s
==8440== ERROR SUMMARY: 0 errors from 0 contexts (suppressed: 0 from 0)
==8441== 
==8441== HEAP SUMMARY:
==8441==     in use at exit: 14,502 bytes in 529 blocks
==8441==   total heap usage: 791 allocs, 262 frees, 256,084 bytes allocated
==8441== 
==8441== LEAK SUMMARY:
==8441==    definitely lost: 0 bytes in 0 blocks
==8441==    indirectly lost: 0 bytes in 0 blocks
==8441==      possibly lost: 0 bytes in 0 blocks
==8441==    still reachable: 14,502 bytes in 529 blocks
==8441==         suppressed: 0 bytes in 0 blocks
==8441== Reachable blocks (those to which a pointer was found) are not shown.
==8441== To see them, rerun with: --leak-check=full --show-leak-kinds=all
==8441== 
==8441== For lists of detected and suppressed errors, rerun with: -s
==8441== ERROR SUMMARY: 0 errors from 0 contexts (suppressed: 0 from 0)
==8442== 
==8442== HEAP SUMMARY:
==8442==     in use at exit: 14,583 bytes in 532 blocks
==8442==   total heap usage: 802 allocs, 270 frees, 269,135 bytes allocated
==8442== 
==8442== LEAK SUMMARY:
==8442==    definitely lost: 0 bytes in 0 blocks
==8442==    indirectly lost: 0 bytes in 0 blocks
==8442==      possibly lost: 0 bytes in 0 blocks
==8442==    still reachable: 14,583 bytes in 532 blocks
==8442==         suppressed: 0 bytes in 0 blocks
==8442== Reachable blocks (those to which a pointer was found) are not shown.
==8442== To see them, rerun with: --leak-check=full --show-leak-kinds=all
==8442== 
==8442== For lists of detected and suppressed errors, rerun with: -s
==8442== ERROR SUMMARY: 0 errors from 0 contexts (suppressed: 0 from 0)
==8443== 
==8443== HEAP SUMMARY:
==8443==     in use at exit: 14,664 bytes in 535 blocks
==8443==   total heap usage: 813 allocs, 278 frees, 282,186 bytes allocated
==8443== 
==8443== LEAK SUMMARY:
==8443==    definitely lost: 0 bytes in 0 blocks
==8443==    indirectly lost: 0 bytes in 0 blocks
==8443==      possibly lost: 0 bytes in 0 blocks
==8443==    still reachable: 14,664 bytes in 535 blocks
==8443==         suppressed: 0 bytes in 0 blocks
==8443== Reachable blocks (those to which a pointer was found) are not shown.
==8443== To see them, rerun with: --leak-check=full --show-leak-kinds=all
==8443== 
==8443== For lists of detected and suppressed errors, rerun with: -s
==8443== ERROR SUMMARY: 0 errors from 0 contexts (suppressed: 0 from 0)
==8444== 
==8444== HEAP SUMMARY:
==8444==     in use at exit: 14,745 bytes in 538 blocks
==8444==   total heap usage: 824 allocs, 286 frees, 295,237 bytes allocated
==8444== 
==8444== LEAK SUMMARY:
==8444==    definitely lost: 0 bytes in 0 blocks
==8444==    indirectly lost: 0 bytes in 0 blocks
==8444==      possibly lost: 0 bytes in 0 blocks
==8444==    still reachable: 14,745 bytes in 538 blocks
==8444==         suppressed: 0 bytes in 0 blocks
==8444== Reachable blocks (those to which a pointer was found) are not shown.
==8444== To see them, rerun with: --leak-check=full --show-leak-kinds=all
==8444== 
==8444== For lists of detected and suppressed errors, rerun with: -s
==8444== ERROR SUMMARY: 0 errors from 0 contexts (suppressed: 0 from 0)
==8445== 
==8445== HEAP SUMMARY:
==8445==     in use at exit: 14,826 bytes in 541 blocks
==8445==   total heap usage: 835 allocs, 294 frees, 308,288 bytes allocated
==8445== 
==8445== LEAK SUMMARY:
==8445==    definitely lost: 0 bytes in 0 blocks
==8445==    indirectly lost: 0 bytes in 0 blocks
==8445==      possibly lost: 0 bytes in 0 blocks
==8445==    still reachable: 14,826 bytes in 541 blocks
==8445==         suppressed: 0 bytes in 0 blocks
==8445== Reachable blocks (those to which a pointer was found) are not shown.
==8445== To see them, rerun with: --leak-check=full --show-leak-kinds=all
==8445== 
==8445== For lists of detected and suppressed errors, rerun with: -s
==8445== ERROR SUMMARY: 0 errors from 0 contexts (suppressed: 0 from 0)
==8446== 
==8446== HEAP SUMMARY:
==8446==     in use at exit: 14,907 bytes in 544 blocks
==8446==   total heap usage: 849 allocs, 305 frees, 3,321,339 bytes allocated
==8446== 
==8446== LEAK SUMMARY:
==8446==    definitely lost: 0 bytes in 0 blocks
==8446==    indirectly lost: 0 bytes in 0 blocks
==8446==      possibly lost: 0 bytes in 0 blocks
==8446==    still reachable: 14,907 bytes in 544 blocks
==8446==         suppressed: 0 bytes in 0 blocks
==8446== Reachable blocks (those to which a pointer was found) are not shown.
==8446== To see them, rerun with: --leak-check=full --show-leak-kinds=all
==8446== 
==8446== For lists of detected and suppressed errors, rerun with: -s
==8446== ERROR SUMMARY: 0 errors from 0 contexts (suppressed: 0 from 0)
==8447== 
==8447== HEAP SUMMARY:
==8447==     in use at exit: 14,988 bytes in 547 blocks
==8447==   total heap usage: 857 allocs, 310 frees, 334,390 bytes allocated
==8447== 
==8447== LEAK SUMMARY:
==8447==    definitely lost: 0 bytes in 0 blocks
==8447==    indirectly lost: 0 bytes in 0 blocks
==8447==      possibly lost: 0 bytes in 0 blocks
==8447==    still reachable: 14,988 bytes in 547 blocks
==8447==         suppressed: 0 bytes in 0 blocks
==8447== Reachable blocks (those to which a pointer was found) are not shown.
==8447== To see them, rerun with: --leak-check=full --show-leak-kinds=all
==8447== 
==8447== For lists of detected and suppressed errors, rerun with: -s
==8447== ERROR SUMMARY: 0 errors from 0 contexts (suppressed: 0 from 0)
==8448== 
==8448== HEAP SUMMARY:
==8448==     in use at exit: 15,069 bytes in 550 blocks
==8448==   total heap usage: 868 allocs, 318 frees, 347,441 bytes allocated
==8448== 
==8448== LEAK SUMMARY:
==8448==    definitely lost: 0 bytes in 0 blocks
==8448==    indirectly lost: 0 bytes in 0 blocks
==8448==      possibly lost: 0 bytes in 0 blocks
==8448==    still reachable: 15,069 bytes in 550 blocks
==8448==         suppressed: 0 bytes in 0 blocks
==8448== Reachable blocks (those to which a pointer was found) are not shown.
==8448== To see them, rerun with: --leak-check=full --show-leak-kinds=all
==8448== 
==8448== For lists of detected and suppressed errors, rerun with: -s
==8448== ERROR SUMMARY: 0 errors from 0 contexts (suppressed: 0 from 0)
==8449== 
==8449== HEAP SUMMARY:
==8449==     in use at exit: 15,150 bytes in 553 blocks
==8449==   total heap usage: 881 allocs, 328 frees, 360,539 bytes allocated
==8449== 
==8449== LEAK SUMMARY:
==8449==    definitely lost: 0 bytes in 0 blocks
==8449==    indirectly lost: 0 bytes in 0 blocks
==8449==      possibly lost: 0 bytes in 0 blocks
==8449==    still reachable: 15,150 bytes in 553 blocks
==8449==         suppressed: 0 bytes in 0 blocks
==8449== Reachable blocks (those to which a pointer was found) are not shown.
==8449== To see them, rerun with: --leak-check=full --show-leak-kinds=all
==8449== 
==8449== For lists of detected and suppressed errors, rerun with: -s
==8449== ERROR SUMMARY: 0 errors from 0 contexts (suppressed: 0 from 0)
==8450== 
==8450== HEAP SUMMARY:
==8450==     in use at exit: 15,231 bytes in 556 blocks
==8450==   total heap usage: 892 allocs, 336 frees, 373,579 bytes allocated
==8450== 
==8450== LEAK SUMMARY:
==8450==    definitely lost: 0 bytes in 0 blocks
==8450==    indirectly lost: 0 bytes in 0 blocks
==8450==      possibly lost: 0 bytes in 0 blocks
==8450==    still reachable: 15,231 bytes in 556 blocks
==8450==         suppressed: 0 bytes in 0 blocks
==8450== Reachable blocks (those to which a pointer was found) are not shown.
==8450== To see them, rerun with: --leak-check=full --show-leak-kinds=all
==8450== 
==8450== For lists of detected and suppressed errors, rerun with: -s
==8450== ERROR SUMMARY: 0 errors from 0 contexts (suppressed: 0 from 0)
==8451== 
==8451== HEAP SUMMARY:
==8451==     in use at exit: 15,312 bytes in 559 blocks
==8451==   total heap usage: 903 allocs, 344 frees, 386,630 bytes allocated
==8451== 
==8451== LEAK SUMMARY:
==8451==    definitely lost: 0 bytes in 0 blocks
==8451==    indirectly lost: 0 bytes in 0 blocks
==8451==      possibly lost: 0 bytes in 0 blocks
==8451==    still reachable: 15,312 bytes in 559 blocks
==8451==         suppressed: 0 bytes in 0 blocks
==8451== Reachable blocks (those to which a pointer was found) are not shown.
==8451== To see them, rerun with: --leak-check=full --show-leak-kinds=all
==8451== 
==8451== For lists of detected and suppressed errors, rerun with: -s
==8451== ERROR SUMMARY: 0 errors from 0 contexts (suppressed: 0 from 0)
==8452== 
==8452== HEAP SUMMARY:
==8452==     in use at exit: 15,393 bytes in 562 blocks
==8452==   total heap usage: 916 allocs, 354 frees, 2,399,681 bytes allocated
==8452== 
==8452== LEAK SUMMARY:
==8452==    definitely lost: 0 bytes in 0 blocks
==8452==    indirectly lost: 0 bytes in 0 blocks
==8452==      possibly lost: 0 bytes in 0 blocks
==8452==    still reachable: 15,393 bytes in 562 blocks
==8452==         suppressed: 0 bytes in 0 blocks
==8452== Reachable blocks (those to which a pointer was found) are not shown.
==8452== To see them, rerun with: --leak-check=full --show-leak-kinds=all
==8452== 
==8452== For lists of detected and suppressed errors, rerun with: -s
==8452== ERROR SUMMARY: 0 errors from 0 contexts (suppressed: 0 from 0)
==8453== 
==8453== HEAP SUMMARY:
==8453==     in use at exit: 15,474 bytes in 565 blocks
==8453==   total heap usage: 925 allocs, 360 frees, 412,732 bytes allocated
==8453== 
==8453== LEAK SUMMARY:
==8453==    definitely lost: 0 bytes in 0 blocks
==8453==    indirectly lost: 0 bytes in 0 blocks
==8453==      possibly lost: 0 bytes in 0 blocks
==8453==    still reachable: 15,474 bytes in 565 blocks
==8453==         suppressed: 0 bytes in 0 blocks
==8453== Reachable blocks (those to which a pointer was found) are not shown.
==8453== To see them, rerun with: --leak-check=full --show-leak-kinds=all
==8453== 
==8453== For lists of detected and suppressed errors, rerun with: -s
==8453== ERROR SUMMARY: 0 errors from 0 contexts (suppressed: 0 from 0)
==8454== 
==8454== HEAP SUMMARY:
==8454==     in use at exit: 15,555 bytes in 568 blocks
==8454==   total heap usage: 936 allocs, 368 frees, 425,783 bytes allocated
==8454== 
==8454== LEAK SUMMARY:
==8454==    definitely lost: 0 bytes in 0 blocks
==8454==    indirectly lost: 0 bytes in 0 blocks
==8454==      possibly lost: 0 bytes in 0 blocks
==8454==    still reachable: 15,555 bytes in 568 blocks
==8454==         suppressed: 0 bytes in 0 blocks
==8454== Reachable blocks (those to which a pointer was found) are not shown.
==8454== To see them, rerun with: --leak-check=full --show-leak-kinds=all
==8454== 
==8454== For lists of detected and suppressed errors, rerun with: -s
==8454== ERROR SUMMARY: 0 errors from 0 contexts (suppressed: 0 from 0)
==8455== 
==8455== HEAP SUMMARY:
==8455==     in use at exit: 15,636 bytes in 571 blocks
==8455==   total heap usage: 949 allocs, 378 frees, 438,881 bytes allocated
==8455== 
==8455== LEAK SUMMARY:
==8455==    definitely lost: 0 bytes in 0 blocks
==8455==    indirectly lost: 0 bytes in 0 blocks
==8455==      possibly lost: 0 bytes in 0 blocks
==8455==    still reachable: 15,636 bytes in 571 blocks
==8455==         suppressed: 0 bytes in 0 blocks
==8455== Reachable blocks (those to which a pointer was found) are not shown.
==8455== To see them, rerun with: --leak-check=full --show-leak-kinds=all
==8455== 
==8455== For lists of detected and suppressed errors, rerun with: -s
==8455== ERROR SUMMARY: 0 errors from 0 contexts (suppressed: 0 from 0)
==8456== 
==8456== HEAP SUMMARY:
==8456==     in use at exit: 15,973 bytes in 574 blocks
==8456==   total heap usage: 961 allocs, 387 frees, 452,433 bytes allocated
==8456== 
==8456== LEAK SUMMARY:
==8456==    definitely lost: 0 bytes in 0 blocks
==8456==    indirectly lost: 0 bytes in 0 blocks
==8456==      possibly lost: 0 bytes in 0 blocks
==8456==    still reachable: 15,973 bytes in 574 blocks
==8456==         suppressed: 0 bytes in 0 blocks
==8456== Reachable blocks (those to which a pointer was found) are not shown.
==8456== To see them, rerun with: --leak-check=full --show-leak-kinds=all
==8456== 
==8456== For lists of detected and suppressed errors, rerun with: -s
==8456== ERROR SUMMARY: 0 errors from 0 contexts (suppressed: 0 from 0)
==8457== 
==8457== HEAP SUMMARY:
==8457==     in use at exit: 16,054 bytes in 577 blocks
==8457==   total heap usage: 972 allocs, 395 frees, 465,484 bytes allocated
==8457== 
==8457== LEAK SUMMARY:
==8457==    definitely lost: 0 bytes in 0 blocks
==8457==    indirectly lost: 0 bytes in 0 blocks
==8457==      possibly lost: 0 bytes in 0 blocks
==8457==    still reachable: 16,054 bytes in 577 blocks
==8457==         suppressed: 0 bytes in 0 blocks
==8457== Reachable blocks (those to which a pointer was found) are not shown.
==8457== To see them, rerun with: --leak-check=full --show-leak-kinds=all
==8457== 
==8457== For lists of detected and suppressed errors, rerun with: -s
==8457== ERROR SUMMARY: 0 errors from 0 contexts (suppressed: 0 from 0)
==8458== 
==8458== HEAP SUMMARY:
==8458==     in use at exit: 16,135 bytes in 580 blocks
==8458==   total heap usage: 983 allocs, 403 frees, 478,535 bytes allocated
==8458== 
==8458== LEAK SUMMARY:
==8458==    definitely lost: 0 bytes in 0 blocks
==8458==    indirectly lost: 0 bytes in 0 blocks
==8458==      possibly lost: 0 bytes in 0 blocks
==8458==    still reachable: 16,135 bytes in 580 blocks
==8458==         suppressed: 0 bytes in 0 blocks
==8458== Reachable blocks (those to which a pointer was found) are not shown.
==8458== To see them, rerun with: --leak-check=full --show-leak-kinds=all
==8458== 
==8458== For lists of detected and suppressed errors, rerun with: -s
==8458== ERROR SUMMARY: 0 errors from 0 contexts (suppressed: 0 from 0)
==8459== 
==8459== HEAP SUMMARY:
==8459==     in use at exit: 16,216 bytes in 583 blocks
==8459==   total heap usage: 997 allocs, 414 frees, 3,491,588 bytes allocated
==8459== 
==8459== LEAK SUMMARY:
==8459==    definitely lost: 0 bytes in 0 blocks
==8459==    indirectly lost: 0 bytes in 0 blocks
==8459==      possibly lost: 0 bytes in 0 blocks
==8459==    still reachable: 16,216 bytes in 583 blocks
==8459==         suppressed: 0 bytes in 0 blocks
==8459== Reachable blocks (those to which a pointer was found) are not shown.
==8459== To see them, rerun with: --leak-check=full --show-leak-kinds=all
==8459== 
==8459== For lists of detected and suppressed errors, rerun with: -s
==8459== ERROR SUMMARY: 0 errors from 0 contexts (suppressed: 0 from 0)
==8460== 
==8460== HEAP SUMMARY:
==8460==     in use at exit: 16,297 bytes in 586 blocks
==8460==   total heap usage: 1,009 allocs, 423 frees, 504,731 bytes allocated
==8460== 
==8460== LEAK SUMMARY:
==8460==    definitely lost: 0 bytes in 0 blocks
==8460==    indirectly lost: 0 bytes in 0 blocks
==8460==      possibly lost: 0 bytes in 0 blocks
==8460==    still reachable: 16,297 bytes in 586 blocks
==8460==         suppressed: 0 bytes in 0 blocks
==8460== Reachable blocks (those to which a pointer was found) are not shown.
==8460== To see them, rerun with: --leak-check=full --show-leak-kinds=all
==8460== 
==8460== For lists of detected and suppressed errors, rerun with: -s
==8460== ERROR SUMMARY: 0 errors from 0 contexts (suppressed: 0 from 0)
==8461== 
==8461== HEAP SUMMARY:
==8461==     in use at exit: 16,378 bytes in 589 blocks
==8461==   total heap usage: 1,022 allocs, 433 frees, 517,807 bytes allocated
==8461== 
==8461== LEAK SUMMARY:
==8461==    definitely lost: 0 bytes in 0 blocks
==8461==    indirectly lost: 0 bytes in 0 blocks
==8461==      possibly lost: 0 bytes in 0 blocks
==8461==    still reachable: 16,378 bytes in 589 blocks
==8461==         suppressed: 0 bytes in 0 blocks
==8461== Reachable blocks (those to which a pointer was found) are not shown.
==8461== To see them, rerun with: --leak-check=full --show-leak-kinds=all
==8461== 
==8461== For lists of detected and suppressed errors, rerun with: -s
==8461== ERROR SUMMARY: 0 errors from 0 contexts (suppressed: 0 from 0)
==8462== 
==8462== HEAP SUMMARY:
==8462==     in use at exit: 16,459 bytes in 592 blocks
==8462==   total heap usage: 1,033 allocs, 441 frees, 530,847 bytes allocated
==8462== 
==8462== LEAK SUMMARY:
==8462==    definitely lost: 0 bytes in 0 blocks
==8462==    indirectly lost: 0 bytes in 0 blocks
==8462==      possibly lost: 0 bytes in 0 blocks
==8462==    still reachable: 16,459 bytes in 592 blocks
==8462==         suppressed: 0 bytes in 0 blocks
==8462== Reachable blocks (those to which a pointer was found) are not shown.
==8462== To see them, rerun with: --leak-check=full --show-leak-kinds=all
==8462== 
==8462== For lists of detected and suppressed errors, rerun with: -s
==8462== ERROR SUMMARY: 0 errors from 0 contexts (suppressed: 0 from 0)
==8463== 
==8463== HEAP SUMMARY:
==8463==     in use at exit: 16,540 bytes in 595 blocks
==8463==   total heap usage: 1,044 allocs, 449 frees, 543,898 bytes allocated
==8463== 
==8463== LEAK SUMMARY:
==8463==    definitely lost: 0 bytes in 0 blocks
==8463==    indirectly lost: 0 bytes in 0 blocks
==8463==      possibly lost: 0 bytes in 0 blocks
==8463==    still reachable: 16,540 bytes in 595 blocks
==8463==         suppressed: 0 bytes in 0 blocks
==8463== Reachable blocks (those to which a pointer was found) are not shown.
==8463== To see them, rerun with: --leak-check=full --show-leak-kinds=all
==8463== 
==8463== For lists of detected and suppressed errors, rerun with: -s
==8463== ERROR SUMMARY: 0 errors from 0 contexts (suppressed: 0 from 0)
==8464== 
==8464== HEAP SUMMARY:
==8464==     in use at exit: 16,621 bytes in 598 blocks
==8464==   total heap usage: 1,055 allocs, 457 frees, 556,949 bytes allocated
==8464== 
==8464== LEAK SUMMARY:
==8464==    definitely lost: 0 bytes in 0 blocks
==8464==    indirectly lost: 0 bytes in 0 blocks
==8464==      possibly lost: 0 bytes in 0 blocks
==8464==    still reachable: 16,621 bytes in 598 blocks
==8464==         suppressed: 0 bytes in 0 blocks
==8464== Reachable blocks (those to which a pointer was found) are not shown.
==8464== To see them, rerun with: --leak-check=full --show-leak-kinds=all
==8464== 
==8464== For lists of detected and suppressed errors, rerun with: -s
==8464== ERROR SUMMARY: 0 errors from 0 contexts (suppressed: 0 from 0)
==8465== 
==8465== HEAP SUMMARY:
==8465==     in use at exit: 16,702 bytes in 601 blocks
==8465==   total heap usage: 1,068 allocs, 467 frees, 570,047 bytes allocated
==8465== 
==8465== LEAK SUMMARY:
==8465==    definitely lost: 0 bytes in 0 blocks
==8465==    indirectly lost: 0 bytes in 0 blocks
==8465==      possibly lost: 0 bytes in 0 blocks
==8465==    still reachable: 16,702 bytes in 601 blocks
==8465==         suppressed: 0 bytes in 0 blocks
==8465== Reachable blocks (those to which a pointer was found) are not shown.
==8465== To see them, rerun with: --leak-check=full --show-leak-kinds=all
==8465== 
==8465== For lists of detected and suppressed errors, rerun with: -s
==8465== ERROR SUMMARY: 0 errors from 0 contexts (suppressed: 0 from 0)
==8466== 
==8466== HEAP SUMMARY:
==8466==     in use at exit: 16,783 bytes in 604 blocks
==8466==   total heap usage: 1,082 allocs, 478 frees, 583,291 bytes allocated
==8466== 
==8466== LEAK SUMMARY:
==8466==    definitely lost: 0 bytes in 0 blocks
==8466==    indirectly lost: 0 bytes in 0 blocks
==8466==      possibly lost: 0 bytes in 0 blocks
==8466==    still reachable: 16,783 bytes in 604 blocks
==8466==         suppressed: 0 bytes in 0 blocks
==8466== Reachable blocks (those to which a pointer was found) are not shown.
==8466== To see them, rerun with: --leak-check=full --show-leak-kinds=all
==8466== 
==8466== For lists of detected and suppressed errors, rerun with: -s
==8466== ERROR SUMMARY: 0 errors from 0 contexts (suppressed: 0 from 0)
==8467== 
==8467== HEAP SUMMARY:
==8467==     in use at exit: 16,936 bytes in 607 blocks
==8467==   total heap usage: 1,093 allocs, 486 frees, 596,325 bytes allocated
==8467== 
==8467== LEAK SUMMARY:
==8467==    definitely lost: 0 bytes in 0 blocks
==8467==    indirectly lost: 0 bytes in 0 blocks
==8467==      possibly lost: 0 bytes in 0 blocks
==8467==    still reachable: 16,936 bytes in 607 blocks
==8467==         suppressed: 0 bytes in 0 blocks
==8467== Reachable blocks (those to which a pointer was found) are not shown.
==8467== To see them, rerun with: --leak-check=full --show-leak-kinds=all
==8467== 
==8467== For lists of detected and suppressed errors, rerun with: -s
==8467== ERROR SUMMARY: 0 errors from 0 contexts (suppressed: 0 from 0)
==8468== 
==8468== HEAP SUMMARY:
==8468==     in use at exit: 17,017 bytes in 610 blocks
==8468==   total heap usage: 1,104 allocs, 494 frees, 609,376 bytes allocated
==8468== 
==8468== LEAK SUMMARY:
==8468==    definitely lost: 0 bytes in 0 blocks
==8468==    indirectly lost: 0 bytes in 0 blocks
==8468==      possibly lost: 0 bytes in 0 blocks
==8468==    still reachable: 17,017 bytes in 610 blocks
==8468==         suppressed: 0 bytes in 0 blocks
==8468== Reachable blocks (those to which a pointer was found) are not shown.
==8468== To see them, rerun with: --leak-check=full --show-leak-kinds=all
==8468== 
==8468== For lists of detected and suppressed errors, rerun with: -s
==8468== ERROR SUMMARY: 0 errors from 0 contexts (suppressed: 0 from 0)
==8469== 
==8469== HEAP SUMMARY:
==8469==     in use at exit: 17,098 bytes in 613 blocks
==8469==   total heap usage: 1,115 allocs, 502 frees, 622,427 bytes allocated
==8469== 
==8469== LEAK SUMMARY:
==8469==    definitely lost: 0 bytes in 0 blocks
==8469==    indirectly lost: 0 bytes in 0 blocks
==8469==      possibly lost: 0 bytes in 0 blocks
==8469==    still reachable: 17,098 bytes in 613 blocks
==8469==         suppressed: 0 bytes in 0 blocks
==8469== Reachable blocks (those to which a pointer was found) are not shown.
==8469== To see them, rerun with: --leak-check=full --show-leak-kinds=all
==8469== 
==8469== For lists of detected and suppressed errors, rerun with: -s
==8469== ERROR SUMMARY: 0 errors from 0 contexts (suppressed: 0 from 0)
==8470== 
==8470== HEAP SUMMARY:
==8470==     in use at exit: 17,179 bytes in 616 blocks
==8470==   total heap usage: 1,126 allocs, 510 frees, 635,478 bytes allocated
==8470== 
==8470== LEAK SUMMARY:
==8470==    definitely lost: 0 bytes in 0 blocks
==8470==    indirectly lost: 0 bytes in 0 blocks
==8470==      possibly lost: 0 bytes in 0 blocks
==8470==    still reachable: 17,179 bytes in 616 blocks
==8470==         suppressed: 0 bytes in 0 blocks
==8470== Reachable blocks (those to which a pointer was found) are not shown.
==8470== To see them, rerun with: --leak-check=full --show-leak-kinds=all
==8470== 
==8470== For lists of detected and suppressed errors, rerun with: -s
==8470== ERROR SUMMARY: 0 errors from 0 contexts (suppressed: 0 from 0)
==8471== 
==8471== HEAP SUMMARY:
==8471==     in use at exit: 17,260 bytes in 619 blocks
==8471==   total heap usage: 1,137 allocs, 518 frees, 648,529 bytes allocated
==8471== 
==8471== LEAK SUMMARY:
==8471==    definitely lost: 0 bytes in 0 blocks
==8471==    indirectly lost: 0 bytes in 0 blocks
==8471==      possibly lost: 0 bytes in 0 blocks
==8471==    still reachable: 17,260 bytes in 619 blocks
==8471==         suppressed: 0 bytes in 0 blocks
==8471== Reachable blocks (those to which a pointer was found) are not shown.
==8471== To see them, rerun with: --leak-check=full --show-leak-kinds=all
==8471== 
==8471== For lists of detected and suppressed errors, rerun with: -s
==8471== ERROR SUMMARY: 0 errors from 0 contexts (suppressed: 0 from 0)
==8472== 
==8472== HEAP SUMMARY:
==8472==     in use at exit: 17,341 bytes in 622 blocks
==8472==   total heap usage: 1,148 allocs, 526 frees, 661,580 bytes allocated
==8472== 
==8472== LEAK SUMMARY:
==8472==    definitely lost: 0 bytes in 0 blocks
==8472==    indirectly lost: 0 bytes in 0 blocks
==8472==      possibly lost: 0 bytes in 0 blocks
==8472==    still reachable: 17,341 bytes in 622 blocks
==8472==         suppressed: 0 bytes in 0 blocks
==8472== Reachable blocks (those to which a pointer was found) are not shown.
==8472== To see them, rerun with: --leak-check=full --show-leak-kinds=all
==8472== 
==8472== For lists of detected and suppressed errors, rerun with: -s
==8472== ERROR SUMMARY: 0 errors from 0 contexts (suppressed: 0 from 0)
==8473== 
==8473== HEAP SUMMARY:
==8473==     in use at exit: 17,422 bytes in 625 blocks
==8473==   total heap usage: 1,159 allocs, 534 frees, 674,631 bytes allocated
==8473== 
==8473== LEAK SUMMARY:
==8473==    definitely lost: 0 bytes in 0 blocks
==8473==    indirectly lost: 0 bytes in 0 blocks
==8473==      possibly lost: 0 bytes in 0 blocks
==8473==    still reachable: 17,422 bytes in 625 blocks
==8473==         suppressed: 0 bytes in 0 blocks
==8473== Reachable blocks (those to which a pointer was found) are not shown.
==8473== To see them, rerun with: --leak-check=full --show-leak-kinds=all
==8473== 
==8473== For lists of detected and suppressed errors, rerun with: -s
==8473== ERROR SUMMARY: 0 errors from 0 contexts (suppressed: 0 from 0)
==8474== 
==8474== HEAP SUMMARY:
==8474==     in use at exit: 17,503 bytes in 628 blocks
==8474==   total heap usage: 1,170 allocs, 542 frees, 687,682 bytes allocated
==8474== 
==8474== LEAK SUMMARY:
==8474==    definitely lost: 0 bytes in 0 blocks
==8474==    indirectly lost: 0 bytes in 0 blocks
==8474==      possibly lost: 0 bytes in 0 blocks
==8474==    still reachable: 17,503 bytes in 628 blocks
==8474==         suppressed: 0 bytes in 0 blocks
==8474== Reachable blocks (those to which a pointer was found) are not shown.
==8474== To see them, rerun with: --leak-check=full --show-leak-kinds=all
==8474== 
==8474== For lists of detected and suppressed errors, rerun with: -s
==8474== ERROR SUMMARY: 0 errors from 0 contexts (suppressed: 0 from 0)
==8475== 
==8475== HEAP SUMMARY:
==8475==     in use at exit: 17,584 bytes in 631 blocks
==8475==   total heap usage: 1,183 allocs, 552 frees, 700,780 bytes allocated
==8475== 
==8475== LEAK SUMMARY:
==8475==    definitely lost: 0 bytes in 0 blocks
==8475==    indirectly lost: 0 bytes in 0 blocks
==8475==      possibly lost: 0 bytes in 0 blocks
==8475==    still reachable: 17,584 bytes in 631 blocks
==8475==         suppressed: 0 bytes in 0 blocks
==8475== Reachable blocks (those to which a pointer was found) are not shown.
==8475== To see them, rerun with: --leak-check=full --show-leak-kinds=all
==8475== 
==8475== For lists of detected and suppressed errors, rerun with: -s
==8475== ERROR SUMMARY: 0 errors from 0 contexts (suppressed: 0 from 0)
==8476== 
==8476== HEAP SUMMARY:
==8476==     in use at exit: 17,665 bytes in 634 blocks
==8476==   total heap usage: 1,194 allocs, 560 frees, 713,820 bytes allocated
==8476== 
==8476== LEAK SUMMARY:
==8476==    definitely lost: 0 bytes in 0 blocks
==8476==    indirectly lost: 0 bytes in 0 blocks
==8476==      possibly lost: 0 bytes in 0 blocks
==8476==    still reachable: 17,665 bytes in 634 blocks
==8476==         suppressed: 0 bytes in 0 blocks
==8476== Reachable blocks (those to which a pointer was found) are not shown.
==8476== To see them, rerun with: --leak-check=full --show-leak-kinds=all
==8476== 
==8476== For lists of detected and suppressed errors, rerun with: -s
==8476== ERROR SUMMARY: 0 errors from 0 contexts (suppressed: 0 from 0)
==8477== 
==8477== HEAP SUMMARY:
==8477==     in use at exit: 17,746 bytes in 637 blocks
==8477==   total heap usage: 1,205 allocs, 568 frees, 726,871 bytes allocated
==8477== 
==8477== LEAK SUMMARY:
==8477==    definitely lost: 0 bytes in 0 blocks
==8477==    indirectly lost: 0 bytes in 0 blocks
==8477==      possibly lost: 0 bytes in 0 blocks
==8477==    still reachable: 17,746 bytes in 637 blocks
==8477==         suppressed: 0 bytes in 0 blocks
==8477== Reachable blocks (those to which a pointer was found) are not shown.
==8477== To see them, rerun with: --leak-check=full --show-leak-kinds=all
==8477== 
==8477== For lists of detected and suppressed errors, rerun with: -s
==8477== ERROR SUMMARY: 0 errors from 0 contexts (suppressed: 0 from 0)
==8478== 
==8478== HEAP SUMMARY:
==8478==     in use at exit: 17,827 bytes in 640 blocks
==8478==   total heap usage: 1,216 allocs, 576 frees, 739,922 bytes allocated
==8478== 
==8478== LEAK SUMMARY:
==8478==    definitely lost: 0 bytes in 0 blocks
==8478==    indirectly lost: 0 bytes in 0 blocks
==8478==      possibly lost: 0 bytes in 0 blocks
==8478==    still reachable: 17,827 bytes in 640 blocks
==8478==         suppressed: 0 bytes in 0 blocks
==8478== Reachable blocks (those to which a pointer was found) are not shown.
==8478== To see them, rerun with: --leak-check=full --show-leak-kinds=all
==8478== 
==8478== For lists of detected and suppressed errors, rerun with: -s
==8478== ERROR SUMMARY: 0 errors from 0 contexts (suppressed: 0 from 0)
==8479== 
==8479== HEAP SUMMARY:
==8479==     in use at exit: 17,908 bytes in 643 blocks
==8479==   total heap usage: 1,227 allocs, 584 frees, 752,973 bytes allocated
==8479== 
==8479== LEAK SUMMARY:
==8479==    definitely lost: 0 bytes in 0 blocks
==8479==    indirectly lost: 0 bytes in 0 blocks
==8479==      possibly lost: 0 bytes in 0 blocks
==8479==    still reachable: 17,908 bytes in 643 blocks
==8479==         suppressed: 0 bytes in 0 blocks
==8479== Reachable blocks (those to which a pointer was found) are not shown.
==8479== To see them, rerun with: --leak-check=full --show-leak-kinds=all
==8479== 
==8479== For lists of detected and suppressed errors, rerun with: -s
==8479== ERROR SUMMARY: 0 errors from 0 contexts (suppressed: 0 from 0)
==8480== 
==8480== HEAP SUMMARY:
==8480==     in use at exit: 17,989 bytes in 646 blocks
==8480==   total heap usage: 1,238 allocs, 592 frees, 766,024 bytes allocated
==8480== 
==8480== LEAK SUMMARY:
==8480==    definitely lost: 0 bytes in 0 blocks
==8480==    indirectly lost: 0 bytes in 0 blocks
==8480==      possibly lost: 0 bytes in 0 blocks
==8480==    still reachable: 17,989 bytes in 646 blocks
==8480==         suppressed: 0 bytes in 0 blocks
==8480== Reachable blocks (those to which a pointer was found) are not shown.
==8480== To see them, rerun with: --leak-check=full --show-leak-kinds=all
==8480== 
==8480== For lists of detected and suppressed errors, rerun with: -s
==8480== ERROR SUMMARY: 0 errors from 0 contexts (suppressed: 0 from 0)
==8481== 
==8481== HEAP SUMMARY:
==8481==     in use at exit: 18,070 bytes in 649 blocks
==8481==   total heap usage: 1,252 allocs, 603 frees, 3,779,074 bytes allocated
==8481== 
==8481== LEAK SUMMARY:
==8481==    definitely lost: 0 bytes in 0 blocks
==8481==    indirectly lost: 0 bytes in 0 blocks
==8481==      possibly lost: 0 bytes in 0 blocks
==8481==    still reachable: 18,070 bytes in 649 blocks
==8481==         suppressed: 0 bytes in 0 blocks
==8481== Reachable blocks (those to which a pointer was found) are not shown.
==8481== To see them, rerun with: --leak-check=full --show-leak-kinds=all
==8481== 
==8481== For lists of detected and suppressed errors, rerun with: -s
==8481== ERROR SUMMARY: 0 errors from 0 contexts (suppressed: 0 from 0)
==8482== 
==8482== HEAP SUMMARY:
==8482==     in use at exit: 18,151 bytes in 652 blocks
==8482==   total heap usage: 1,260 allocs, 608 frees, 792,126 bytes allocated
==8482== 
==8482== LEAK SUMMARY:
==8482==    definitely lost: 0 bytes in 0 blocks
==8482==    indirectly lost: 0 bytes in 0 blocks
==8482==      possibly lost: 0 bytes in 0 blocks
==8482==    still reachable: 18,151 bytes in 652 blocks
==8482==         suppressed: 0 bytes in 0 blocks
==8482== Reachable blocks (those to which a pointer was found) are not shown.
==8482== To see them, rerun with: --leak-check=full --show-leak-kinds=all
==8482== 
==8482== For lists of detected and suppressed errors, rerun with: -s
==8482== ERROR SUMMARY: 0 errors from 0 contexts (suppressed: 0 from 0)
==8483== 
==8483== HEAP SUMMARY:
==8483==     in use at exit: 18,232 bytes in 655 blocks
==8483==   total heap usage: 1,273 allocs, 618 frees, 805,224 bytes allocated
==8483== 
==8483== LEAK SUMMARY:
==8483==    definitely lost: 0 bytes in 0 blocks
==8483==    indirectly lost: 0 bytes in 0 blocks
==8483==      possibly lost: 0 bytes in 0 blocks
==8483==    still reachable: 18,232 bytes in 655 blocks
==8483==         suppressed: 0 bytes in 0 blocks
==8483== Reachable blocks (those to which a pointer was found) are not shown.
==8483== To see them, rerun with: --leak-check=full --show-leak-kinds=all
==8483== 
==8483== For lists of detected and suppressed errors, rerun with: -s
==8483== ERROR SUMMARY: 0 errors from 0 contexts (suppressed: 0 from 0)
==8484== 
==8484== HEAP SUMMARY:
==8484==     in use at exit: 18,313 bytes in 658 blocks
==8484==   total heap usage: 1,286 allocs, 628 frees, 818,311 bytes allocated
==8484== 
==8484== LEAK SUMMARY:
==8484==    definitely lost: 0 bytes in 0 blocks
==8484==    indirectly lost: 0 bytes in 0 blocks
==8484==      possibly lost: 0 bytes in 0 blocks
==8484==    still reachable: 18,313 bytes in 658 blocks
==8484==         suppressed: 0 bytes in 0 blocks
==8484== Reachable blocks (those to which a pointer was found) are not shown.
==8484== To see them, rerun with: --leak-check=full --show-leak-kinds=all
==8484== 
==8484== For lists of detected and suppressed errors, rerun with: -s
==8484== ERROR SUMMARY: 0 errors from 0 contexts (suppressed: 0 from 0)
==8485== 
==8485== HEAP SUMMARY:
==8485==     in use at exit: 18,394 bytes in 661 blocks
==8485==   total heap usage: 1,299 allocs, 638 frees, 831,398 bytes allocated
==8485== 
==8485== LEAK SUMMARY:
==8485==    definitely lost: 0 bytes in 0 blocks
==8485==    indirectly lost: 0 bytes in 0 blocks
==8485==      possibly lost: 0 bytes in 0 blocks
==8485==    still reachable: 18,394 bytes in 661 blocks
==8485==         suppressed: 0 bytes in 0 blocks
==8485== Reachable blocks (those to which a pointer was found) are not shown.
==8485== To see them, rerun with: --leak-check=full --show-leak-kinds=all
==8485== 
==8485== For lists of detected and suppressed errors, rerun with: -s
==8485== ERROR SUMMARY: 0 errors from 0 contexts (suppressed: 0 from 0)
==8486== 
==8486== HEAP SUMMARY:
==8486==     in use at exit: 18,475 bytes in 664 blocks
==8486==   total heap usage: 1,312 allocs, 648 frees, 844,485 bytes allocated
==8486== 
==8486== LEAK SUMMARY:
==8486==    definitely lost: 0 bytes in 0 blocks
==8486==    indirectly lost: 0 bytes in 0 blocks
==8486==      possibly lost: 0 bytes in 0 blocks
==8486==    still reachable: 18,475 bytes in 664 blocks
==8486==         suppressed: 0 bytes in 0 blocks
==8486== Reachable blocks (those to which a pointer was found) are not shown.
==8486== To see them, rerun with: --leak-check=full --show-leak-kinds=all
==8486== 
==8486== For lists of detected and suppressed errors, rerun with: -s
==8486== ERROR SUMMARY: 0 errors from 0 contexts (suppressed: 0 from 0)
==8487== 
==8487== HEAP SUMMARY:
==8487==     in use at exit: 18,556 bytes in 667 blocks
==8487==   total heap usage: 1,323 allocs, 656 frees, 857,525 bytes allocated
==8487== 
==8487== LEAK SUMMARY:
==8487==    definitely lost: 0 bytes in 0 blocks
==8487==    indirectly lost: 0 bytes in 0 blocks
==8487==      possibly lost: 0 bytes in 0 blocks
==8487==    still reachable: 18,556 bytes in 667 blocks
==8487==         suppressed: 0 bytes in 0 blocks
==8487== Reachable blocks (those to which a pointer was found) are not shown.
==8487== To see them, rerun with: --leak-check=full --show-leak-kinds=all
==8487== 
==8487== For lists of detected and suppressed errors, rerun with: -s
==8487== ERROR SUMMARY: 0 errors from 0 contexts (suppressed: 0 from 0)
==8488== 
==8488== HEAP SUMMARY:
==8488==     in use at exit: 19,149 bytes in 670 blocks
==8488==   total heap usage: 1,335 allocs, 665 frees, 871,600 bytes allocated
==8488== 
==8488== LEAK SUMMARY:
==8488==    definitely lost: 0 bytes in 0 blocks
==8488==    indirectly lost: 0 bytes in 0 blocks
==8488==      possibly lost: 0 bytes in 0 blocks
==8488==    still reachable: 19,149 bytes in 670 blocks
==8488==         suppressed: 0 bytes in 0 blocks
==8488== Reachable blocks (those to which a pointer was found) are not shown.
==8488== To see them, rerun with: --leak-check=full --show-leak-kinds=all
==8488== 
==8488== For lists of detected and suppressed errors, rerun with: -s
==8488== ERROR SUMMARY: 0 errors from 0 contexts (suppressed: 0 from 0)
==8489== 
==8489== HEAP SUMMARY:
==8489==     in use at exit: 19,230 bytes in 673 blocks
==8489==   total heap usage: 1,346 allocs, 673 frees, 884,651 bytes allocated
==8489== 
==8489== LEAK SUMMARY:
==8489==    definitely lost: 0 bytes in 0 blocks
==8489==    indirectly lost: 0 bytes in 0 blocks
==8489==      possibly lost: 0 bytes in 0 blocks
==8489==    still reachable: 19,230 bytes in 673 blocks
==8489==         suppressed: 0 bytes in 0 blocks
==8489== Reachable blocks (those to which a pointer was found) are not shown.
==8489== To see them, rerun with: --leak-check=full --show-leak-kinds=all
==8489== 
==8489== For lists of detected and suppressed errors, rerun with: -s
==8489== ERROR SUMMARY: 0 errors from 0 contexts (suppressed: 0 from 0)
==8490== 
==8490== HEAP SUMMARY:
==8490==     in use at exit: 19,311 bytes in 676 blocks
==8490==   total heap usage: 1,357 allocs, 681 frees, 897,702 bytes allocated
==8490== 
==8490== LEAK SUMMARY:
==8490==    definitely lost: 0 bytes in 0 blocks
==8490==    indirectly lost: 0 bytes in 0 blocks
==8490==      possibly lost: 0 bytes in 0 blocks
==8490==    still reachable: 19,311 bytes in 676 blocks
==8490==         suppressed: 0 bytes in 0 blocks
==8490== Reachable blocks (those to which a pointer was found) are not shown.
==8490== To see them, rerun with: --leak-check=full --show-leak-kinds=all
==8490== 
==8490== For lists of detected and suppressed errors, rerun with: -s
==8490== ERROR SUMMARY: 0 errors from 0 contexts (suppressed: 0 from 0)
==8491== 
==8491== HEAP SUMMARY:
==8491==     in use at exit: 19,409 bytes in 680 blocks
==8491==   total heap usage: 1,903 allocs, 1,223 frees, 990,666 bytes allocated
==8491== 
==8491== LEAK SUMMARY:
==8491==    definitely lost: 0 bytes in 0 blocks
==8491==    indirectly lost: 0 bytes in 0 blocks
==8491==      possibly lost: 0 bytes in 0 blocks
==8491==    still reachable: 19,409 bytes in 680 blocks
==8491==         suppressed: 0 bytes in 0 blocks
==8491== Reachable blocks (those to which a pointer was found) are not shown.
==8491== To see them, rerun with: --leak-check=full --show-leak-kinds=all
==8491== 
==8491== For lists of detected and suppressed errors, rerun with: -s
==8491== ERROR SUMMARY: 0 errors from 0 contexts (suppressed: 0 from 0)
==8492== 
==8492== HEAP SUMMARY:
==8492==     in use at exit: 19,490 bytes in 683 blocks
==8492==   total heap usage: 1,629 allocs, 946 frees, 934,735 bytes allocated
==8492== 
==8492== LEAK SUMMARY:
==8492==    definitely lost: 0 bytes in 0 blocks
==8492==    indirectly lost: 0 bytes in 0 blocks
==8492==      possibly lost: 0 bytes in 0 blocks
==8492==    still reachable: 19,490 bytes in 683 blocks
==8492==         suppressed: 0 bytes in 0 blocks
==8492== Reachable blocks (those to which a pointer was found) are not shown.
==8492== To see them, rerun with: --leak-check=full --show-leak-kinds=all
==8492== 
==8492== For lists of detected and suppressed errors, rerun with: -s
==8492== ERROR SUMMARY: 0 errors from 0 contexts (suppressed: 0 from 0)
==8493== 
==8493== HEAP SUMMARY:
==8493==     in use at exit: 19,572 bytes in 686 blocks
==8493==   total heap usage: 6,929 allocs, 6,243 frees, 1,624,140 bytes allocated
==8493== 
==8493== LEAK SUMMARY:
==8493==    definitely lost: 0 bytes in 0 blocks
==8493==    indirectly lost: 0 bytes in 0 blocks
==8493==      possibly lost: 0 bytes in 0 blocks
==8493==    still reachable: 19,572 bytes in 686 blocks
==8493==         suppressed: 0 bytes in 0 blocks
==8493== Reachable blocks (those to which a pointer was found) are not shown.
==8493== To see them, rerun with: --leak-check=full --show-leak-kinds=all
==8493== 
==8493== For lists of detected and suppressed errors, rerun with: -s
==8493== ERROR SUMMARY: 0 errors from 0 contexts (suppressed: 0 from 0)
==8494== 
==8494== HEAP SUMMARY:
==8494==     in use at exit: 19,635 bytes in 688 blocks
==8494==   total heap usage: 3,395 allocs, 2,707 frees, 985,798 bytes allocated
==8494== 
==8494== LEAK SUMMARY:
==8494==    definitely lost: 0 bytes in 0 blocks
==8494==    indirectly lost: 0 bytes in 0 blocks
==8494==      possibly lost: 0 bytes in 0 blocks
==8494==    still reachable: 19,635 bytes in 688 blocks
==8494==         suppressed: 0 bytes in 0 blocks
==8494== Reachable blocks (those to which a pointer was found) are not shown.
==8494== To see them, rerun with: --leak-check=full --show-leak-kinds=all
==8494== 
==8494== For lists of detected and suppressed errors, rerun with: -s
==8494== ERROR SUMMARY: 0 errors from 0 contexts (suppressed: 0 from 0)
==8495== 
==8495== HEAP SUMMARY:
==8495==     in use at exit: 19,716 bytes in 691 blocks
==8495==   total heap usage: 3,406 allocs, 2,715 frees, 998,849 bytes allocated
==8495== 
==8495== LEAK SUMMARY:
==8495==    definitely lost: 0 bytes in 0 blocks
==8495==    indirectly lost: 0 bytes in 0 blocks
==8495==      possibly lost: 0 bytes in 0 blocks
==8495==    still reachable: 19,716 bytes in 691 blocks
==8495==         suppressed: 0 bytes in 0 blocks
==8495== Reachable blocks (those to which a pointer was found) are not shown.
==8495== To see them, rerun with: --leak-check=full --show-leak-kinds=all
==8495== 
==8495== For lists of detected and suppressed errors, rerun with: -s
==8495== ERROR SUMMARY: 0 errors from 0 contexts (suppressed: 0 from 0)
==8496== 
==8496== HEAP SUMMARY:
==8496==     in use at exit: 19,797 bytes in 694 blocks
==8496==   total heap usage: 3,417 allocs, 2,723 frees, 1,011,900 bytes allocated
==8496== 
==8496== LEAK SUMMARY:
==8496==    definitely lost: 0 bytes in 0 blocks
==8496==    indirectly lost: 0 bytes in 0 blocks
==8496==      possibly lost: 0 bytes in 0 blocks
==8496==    still reachable: 19,797 bytes in 694 blocks
==8496==         suppressed: 0 bytes in 0 blocks
==8496== Reachable blocks (those to which a pointer was found) are not shown.
==8496== To see them, rerun with: --leak-check=full --show-leak-kinds=all
==8496== 
==8496== For lists of detected and suppressed errors, rerun with: -s
==8496== ERROR SUMMARY: 0 errors from 0 contexts (suppressed: 0 from 0)
==8497== 
==8497== HEAP SUMMARY:
==8497==     in use at exit: 19,878 bytes in 697 blocks
==8497==   total heap usage: 3,428 allocs, 2,731 frees, 1,024,951 bytes allocated
==8497== 
==8497== LEAK SUMMARY:
==8497==    definitely lost: 0 bytes in 0 blocks
==8497==    indirectly lost: 0 bytes in 0 blocks
==8497==      possibly lost: 0 bytes in 0 blocks
==8497==    still reachable: 19,878 bytes in 697 blocks
==8497==         suppressed: 0 bytes in 0 blocks
==8497== Reachable blocks (those to which a pointer was found) are not shown.
==8497== To see them, rerun with: --leak-check=full --show-leak-kinds=all
==8497== 
==8497== For lists of detected and suppressed errors, rerun with: -s
==8497== ERROR SUMMARY: 0 errors from 0 contexts (suppressed: 0 from 0)
==8498== 
==8498== HEAP SUMMARY:
==8498==     in use at exit: 19,959 bytes in 700 blocks
==8498==   total heap usage: 3,440 allocs, 2,740 frees, 2,038,002 bytes allocated
==8498== 
==8498== LEAK SUMMARY:
==8498==    definitely lost: 0 bytes in 0 blocks
==8498==    indirectly lost: 0 bytes in 0 blocks
==8498==      possibly lost: 0 bytes in 0 blocks
==8498==    still reachable: 19,959 bytes in 700 blocks
==8498==         suppressed: 0 bytes in 0 blocks
==8498== Reachable blocks (those to which a pointer was found) are not shown.
==8498== To see them, rerun with: --leak-check=full --show-leak-kinds=all
==8498== 
==8498== For lists of detected and suppressed errors, rerun with: -s
==8498== ERROR SUMMARY: 0 errors from 0 contexts (suppressed: 0 from 0)
==8499== 
==8499== HEAP SUMMARY:
==8499==     in use at exit: 20,040 bytes in 703 blocks
==8499==   total heap usage: 3,450 allocs, 2,747 frees, 1,051,053 bytes allocated
==8499== 
==8499== LEAK SUMMARY:
==8499==    definitely lost: 0 bytes in 0 blocks
==8499==    indirectly lost: 0 bytes in 0 blocks
==8499==      possibly lost: 0 bytes in 0 blocks
==8499==    still reachable: 20,040 bytes in 703 blocks
==8499==         suppressed: 0 bytes in 0 blocks
==8499== Reachable blocks (those to which a pointer was found) are not shown.
==8499== To see them, rerun with: --leak-check=full --show-leak-kinds=all
==8499== 
==8499== For lists of detected and suppressed errors, rerun with: -s
==8499== ERROR SUMMARY: 0 errors from 0 contexts (suppressed: 0 from 0)
==8500== 
==8500== HEAP SUMMARY:
==8500==     in use at exit: 20,121 bytes in 706 blocks
==8500==   total heap usage: 3,463 allocs, 2,757 frees, 1,064,151 bytes allocated
==8500== 
==8500== LEAK SUMMARY:
==8500==    definitely lost: 0 bytes in 0 blocks
==8500==    indirectly lost: 0 bytes in 0 blocks
==8500==      possibly lost: 0 bytes in 0 blocks
==8500==    still reachable: 20,121 bytes in 706 blocks
==8500==         suppressed: 0 bytes in 0 blocks
==8500== Reachable blocks (those to which a pointer was found) are not shown.
==8500== To see them, rerun with: --leak-check=full --show-leak-kinds=all
==8500== 
==8500== For lists of detected and suppressed errors, rerun with: -s
==8500== ERROR SUMMARY: 0 errors from 0 contexts (suppressed: 0 from 0)
==8501== 
==8501== HEAP SUMMARY:
==8501==     in use at exit: 20,202 bytes in 709 blocks
==8501==   total heap usage: 3,476 allocs, 2,767 frees, 1,077,238 bytes allocated
==8501== 
==8501== LEAK SUMMARY:
==8501==    definitely lost: 0 bytes in 0 blocks
==8501==    indirectly lost: 0 bytes in 0 blocks
==8501==      possibly lost: 0 bytes in 0 blocks
==8501==    still reachable: 20,202 bytes in 709 blocks
==8501==         suppressed: 0 bytes in 0 blocks
==8501== Reachable blocks (those to which a pointer was found) are not shown.
==8501== To see them, rerun with: --leak-check=full --show-leak-kinds=all
==8501== 
==8501== For lists of detected and suppressed errors, rerun with: -s
==8501== ERROR SUMMARY: 0 errors from 0 contexts (suppressed: 0 from 0)
==8502== 
==8502== HEAP SUMMARY:
==8502==     in use at exit: 20,283 bytes in 712 blocks
==8502==   total heap usage: 3,489 allocs, 2,777 frees, 1,090,325 bytes allocated
==8502== 
==8502== LEAK SUMMARY:
==8502==    definitely lost: 0 bytes in 0 blocks
==8502==    indirectly lost: 0 bytes in 0 blocks
==8502==      possibly lost: 0 bytes in 0 blocks
==8502==    still reachable: 20,283 bytes in 712 blocks
==8502==         suppressed: 0 bytes in 0 blocks
==8502== Reachable blocks (those to which a pointer was found) are not shown.
==8502== To see them, rerun with: --leak-check=full --show-leak-kinds=all
==8502== 
==8502== For lists of detected and suppressed errors, rerun with: -s
==8502== ERROR SUMMARY: 0 errors from 0 contexts (suppressed: 0 from 0)
==8503== 
==8503== HEAP SUMMARY:
==8503==     in use at exit: 20,364 bytes in 715 blocks
==8503==   total heap usage: 3,502 allocs, 2,787 frees, 1,103,412 bytes allocated
==8503== 
==8503== LEAK SUMMARY:
==8503==    definitely lost: 0 bytes in 0 blocks
==8503==    indirectly lost: 0 bytes in 0 blocks
==8503==      possibly lost: 0 bytes in 0 blocks
==8503==    still reachable: 20,364 bytes in 715 blocks
==8503==         suppressed: 0 bytes in 0 blocks
==8503== Reachable blocks (those to which a pointer was found) are not shown.
==8503== To see them, rerun with: --leak-check=full --show-leak-kinds=all
==8503== 
==8503== For lists of detected and suppressed errors, rerun with: -s
==8503== ERROR SUMMARY: 0 errors from 0 contexts (suppressed: 0 from 0)
==8504== 
==8504== HEAP SUMMARY:
==8504==     in use at exit: 20,445 bytes in 718 blocks
==8504==   total heap usage: 3,515 allocs, 2,797 frees, 1,116,499 bytes allocated
==8504== 
==8504== LEAK SUMMARY:
==8504==    definitely lost: 0 bytes in 0 blocks
==8504==    indirectly lost: 0 bytes in 0 blocks
==8504==      possibly lost: 0 bytes in 0 blocks
==8504==    still reachable: 20,445 bytes in 718 blocks
==8504==         suppressed: 0 bytes in 0 blocks
==8504== Reachable blocks (those to which a pointer was found) are not shown.
==8504== To see them, rerun with: --leak-check=full --show-leak-kinds=all
==8504== 
==8504== For lists of detected and suppressed errors, rerun with: -s
==8504== ERROR SUMMARY: 0 errors from 0 contexts (suppressed: 0 from 0)
==8505== 
==8505== HEAP SUMMARY:
==8505==     in use at exit: 20,526 bytes in 721 blocks
==8505==   total heap usage: 3,528 allocs, 2,807 frees, 1,129,586 bytes allocated
==8505== 
==8505== LEAK SUMMARY:
==8505==    definitely lost: 0 bytes in 0 blocks
==8505==    indirectly lost: 0 bytes in 0 blocks
==8505==      possibly lost: 0 bytes in 0 blocks
==8505==    still reachable: 20,526 bytes in 721 blocks
==8505==         suppressed: 0 bytes in 0 blocks
==8505== Reachable blocks (those to which a pointer was found) are not shown.
==8505== To see them, rerun with: --leak-check=full --show-leak-kinds=all
==8505== 
==8505== For lists of detected and suppressed errors, rerun with: -s
==8505== ERROR SUMMARY: 0 errors from 0 contexts (suppressed: 0 from 0)
==8506== 
==8506== HEAP SUMMARY:
==8506==     in use at exit: 20,607 bytes in 724 blocks
==8506==   total heap usage: 3,541 allocs, 2,817 frees, 1,142,673 bytes allocated
==8506== 
==8506== LEAK SUMMARY:
==8506==    definitely lost: 0 bytes in 0 blocks
==8506==    indirectly lost: 0 bytes in 0 blocks
==8506==      possibly lost: 0 bytes in 0 blocks
==8506==    still reachable: 20,607 bytes in 724 blocks
==8506==         suppressed: 0 bytes in 0 blocks
==8506== Reachable blocks (those to which a pointer was found) are not shown.
==8506== To see them, rerun with: --leak-check=full --show-leak-kinds=all
==8506== 
==8506== For lists of detected and suppressed errors, rerun with: -s
==8506== ERROR SUMMARY: 0 errors from 0 contexts (suppressed: 0 from 0)
==8507== 
==8507== HEAP SUMMARY:
==8507==     in use at exit: 20,688 bytes in 727 blocks
==8507==   total heap usage: 3,554 allocs, 2,827 frees, 1,155,760 bytes allocated
==8507== 
==8507== LEAK SUMMARY:
==8507==    definitely lost: 0 bytes in 0 blocks
==8507==    indirectly lost: 0 bytes in 0 blocks
==8507==      possibly lost: 0 bytes in 0 blocks
==8507==    still reachable: 20,688 bytes in 727 blocks
==8507==         suppressed: 0 bytes in 0 blocks
==8507== Reachable blocks (those to which a pointer was found) are not shown.
==8507== To see them, rerun with: --leak-check=full --show-leak-kinds=all
==8507== 
==8507== For lists of detected and suppressed errors, rerun with: -s
==8507== ERROR SUMMARY: 0 errors from 0 contexts (suppressed: 0 from 0)
==8508== 
==8508== HEAP SUMMARY:
==8508==     in use at exit: 20,769 bytes in 730 blocks
==8508==   total heap usage: 3,567 allocs, 2,837 frees, 1,168,847 bytes allocated
==8508== 
==8508== LEAK SUMMARY:
==8508==    definitely lost: 0 bytes in 0 blocks
==8508==    indirectly lost: 0 bytes in 0 blocks
==8508==      possibly lost: 0 bytes in 0 blocks
==8508==    still reachable: 20,769 bytes in 730 blocks
==8508==         suppressed: 0 bytes in 0 blocks
==8508== Reachable blocks (those to which a pointer was found) are not shown.
==8508== To see them, rerun with: --leak-check=full --show-leak-kinds=all
==8508== 
==8508== For lists of detected and suppressed errors, rerun with: -s
==8508== ERROR SUMMARY: 0 errors from 0 contexts (suppressed: 0 from 0)
==8509== 
==8509== HEAP SUMMARY:
==8509==     in use at exit: 20,850 bytes in 733 blocks
==8509==   total heap usage: 3,580 allocs, 2,847 frees, 1,181,934 bytes allocated
==8509== 
==8509== LEAK SUMMARY:
==8509==    definitely lost: 0 bytes in 0 blocks
==8509==    indirectly lost: 0 bytes in 0 blocks
==8509==      possibly lost: 0 bytes in 0 blocks
==8509==    still reachable: 20,850 bytes in 733 blocks
==8509==         suppressed: 0 bytes in 0 blocks
==8509== Reachable blocks (those to which a pointer was found) are not shown.
==8509== To see them, rerun with: --leak-check=full --show-leak-kinds=all
==8509== 
==8509== For lists of detected and suppressed errors, rerun with: -s
==8509== ERROR SUMMARY: 0 errors from 0 contexts (suppressed: 0 from 0)
==8510== 
==8510== HEAP SUMMARY:
==8510==     in use at exit: 20,931 bytes in 736 blocks
==8510==   total heap usage: 3,591 allocs, 2,855 frees, 1,194,974 bytes allocated
==8510== 
==8510== LEAK SUMMARY:
==8510==    definitely lost: 0 bytes in 0 blocks
==8510==    indirectly lost: 0 bytes in 0 blocks
==8510==      possibly lost: 0 bytes in 0 blocks
==8510==    still reachable: 20,931 bytes in 736 blocks
==8510==         suppressed: 0 bytes in 0 blocks
==8510== Reachable blocks (those to which a pointer was found) are not shown.
==8510== To see them, rerun with: --leak-check=full --show-leak-kinds=all
==8510== 
==8510== For lists of detected and suppressed errors, rerun with: -s
==8510== ERROR SUMMARY: 0 errors from 0 contexts (suppressed: 0 from 0)
==8511== 
==8511== HEAP SUMMARY:
==8511==     in use at exit: 21,012 bytes in 739 blocks
==8511==   total heap usage: 3,602 allocs, 2,863 frees, 1,208,025 bytes allocated
==8511== 
==8511== LEAK SUMMARY:
==8511==    definitely lost: 0 bytes in 0 blocks
==8511==    indirectly lost: 0 bytes in 0 blocks
==8511==      possibly lost: 0 bytes in 0 blocks
==8511==    still reachable: 21,012 bytes in 739 blocks
==8511==         suppressed: 0 bytes in 0 blocks
==8511== Reachable blocks (those to which a pointer was found) are not shown.
==8511== To see them, rerun with: --leak-check=full --show-leak-kinds=all
==8511== 
==8511== For lists of detected and suppressed errors, rerun with: -s
==8511== ERROR SUMMARY: 0 errors from 0 contexts (suppressed: 0 from 0)
==8512== 
==8512== HEAP SUMMARY:
==8512==     in use at exit: 21,093 bytes in 742 blocks
==8512==   total heap usage: 3,613 allocs, 2,871 frees, 1,221,076 bytes allocated
==8512== 
==8512== LEAK SUMMARY:
==8512==    definitely lost: 0 bytes in 0 blocks
==8512==    indirectly lost: 0 bytes in 0 blocks
==8512==      possibly lost: 0 bytes in 0 blocks
==8512==    still reachable: 21,093 bytes in 742 blocks
==8512==         suppressed: 0 bytes in 0 blocks
==8512== Reachable blocks (those to which a pointer was found) are not shown.
==8512== To see them, rerun with: --leak-check=full --show-leak-kinds=all
==8512== 
==8512== For lists of detected and suppressed errors, rerun with: -s
==8512== ERROR SUMMARY: 0 errors from 0 contexts (suppressed: 0 from 0)
==8513== 
==8513== HEAP SUMMARY:
==8513==     in use at exit: 21,174 bytes in 745 blocks
==8513==   total heap usage: 3,624 allocs, 2,879 frees, 1,234,127 bytes allocated
==8513== 
==8513== LEAK SUMMARY:
==8513==    definitely lost: 0 bytes in 0 blocks
==8513==    indirectly lost: 0 bytes in 0 blocks
==8513==      possibly lost: 0 bytes in 0 blocks
==8513==    still reachable: 21,174 bytes in 745 blocks
==8513==         suppressed: 0 bytes in 0 blocks
==8513== Reachable blocks (those to which a pointer was found) are not shown.
==8513== To see them, rerun with: --leak-check=full --show-leak-kinds=all
==8513== 
==8513== For lists of detected and suppressed errors, rerun with: -s
==8513== ERROR SUMMARY: 0 errors from 0 contexts (suppressed: 0 from 0)
==8514== 
==8514== HEAP SUMMARY:
==8514==     in use at exit: 21,255 bytes in 748 blocks
==8514==   total heap usage: 3,635 allocs, 2,887 frees, 1,247,178 bytes allocated
==8514== 
==8514== LEAK SUMMARY:
==8514==    definitely lost: 0 bytes in 0 blocks
==8514==    indirectly lost: 0 bytes in 0 blocks
==8514==      possibly lost: 0 bytes in 0 blocks
==8514==    still reachable: 21,255 bytes in 748 blocks
==8514==         suppressed: 0 bytes in 0 blocks
==8514== Reachable blocks (those to which a pointer was found) are not shown.
==8514== To see them, rerun with: --leak-check=full --show-leak-kinds=all
==8514== 
==8514== For lists of detected and suppressed errors, rerun with: -s
==8514== ERROR SUMMARY: 0 errors from 0 contexts (suppressed: 0 from 0)
==8515== 
==8515== HEAP SUMMARY:
==8515==     in use at exit: 21,336 bytes in 751 blocks
==8515==   total heap usage: 3,646 allocs, 2,895 frees, 1,260,229 bytes allocated
==8515== 
==8515== LEAK SUMMARY:
==8515==    definitely lost: 0 bytes in 0 blocks
==8515==    indirectly lost: 0 bytes in 0 blocks
==8515==      possibly lost: 0 bytes in 0 blocks
==8515==    still reachable: 21,336 bytes in 751 blocks
==8515==         suppressed: 0 bytes in 0 blocks
==8515== Reachable blocks (those to which a pointer was found) are not shown.
==8515== To see them, rerun with: --leak-check=full --show-leak-kinds=all
==8515== 
==8515== For lists of detected and suppressed errors, rerun with: -s
==8515== ERROR SUMMARY: 0 errors from 0 contexts (suppressed: 0 from 0)
==8516== 
==8516== HEAP SUMMARY:
==8516==     in use at exit: 21,417 bytes in 754 blocks
==8516==   total heap usage: 3,657 allocs, 2,903 frees, 1,273,280 bytes allocated
==8516== 
==8516== LEAK SUMMARY:
==8516==    definitely lost: 0 bytes in 0 blocks
==8516==    indirectly lost: 0 bytes in 0 blocks
==8516==      possibly lost: 0 bytes in 0 blocks
==8516==    still reachable: 21,417 bytes in 754 blocks
==8516==         suppressed: 0 bytes in 0 blocks
==8516== Reachable blocks (those to which a pointer was found) are not shown.
==8516== To see them, rerun with: --leak-check=full --show-leak-kinds=all
==8516== 
==8516== For lists of detected and suppressed errors, rerun with: -s
==8516== ERROR SUMMARY: 0 errors from 0 contexts (suppressed: 0 from 0)
==8517== 
==8517== HEAP SUMMARY:
==8517==     in use at exit: 21,498 bytes in 757 blocks
==8517==   total heap usage: 3,668 allocs, 2,911 frees, 1,286,331 bytes allocated
==8517== 
==8517== LEAK SUMMARY:
==8517==    definitely lost: 0 bytes in 0 blocks
==8517==    indirectly lost: 0 bytes in 0 blocks
==8517==      possibly lost: 0 bytes in 0 blocks
==8517==    still reachable: 21,498 bytes in 757 blocks
==8517==         suppressed: 0 bytes in 0 blocks
==8517== Reachable blocks (those to which a pointer was found) are not shown.
==8517== To see them, rerun with: --leak-check=full --show-leak-kinds=all
==8517== 
==8517== For lists of detected and suppressed errors, rerun with: -s
==8517== ERROR SUMMARY: 0 errors from 0 contexts (suppressed: 0 from 0)
==8518== 
==8518== HEAP SUMMARY:
==8518==     in use at exit: 21,579 bytes in 760 blocks
==8518==   total heap usage: 3,679 allocs, 2,919 frees, 1,299,382 bytes allocated
==8518== 
==8518== LEAK SUMMARY:
==8518==    definitely lost: 0 bytes in 0 blocks
==8518==    indirectly lost: 0 bytes in 0 blocks
==8518==      possibly lost: 0 bytes in 0 blocks
==8518==    still reachable: 21,579 bytes in 760 blocks
==8518==         suppressed: 0 bytes in 0 blocks
==8518== Reachable blocks (those to which a pointer was found) are not shown.
==8518== To see them, rerun with: --leak-check=full --show-leak-kinds=all
==8518== 
==8518== For lists of detected and suppressed errors, rerun with: -s
==8518== ERROR SUMMARY: 0 errors from 0 contexts (suppressed: 0 from 0)
==8519== 
==8519== HEAP SUMMARY:
==8519==     in use at exit: 21,660 bytes in 763 blocks
==8519==   total heap usage: 3,690 allocs, 2,927 frees, 1,312,433 bytes allocated
==8519== 
==8519== LEAK SUMMARY:
==8519==    definitely lost: 0 bytes in 0 blocks
==8519==    indirectly lost: 0 bytes in 0 blocks
==8519==      possibly lost: 0 bytes in 0 blocks
==8519==    still reachable: 21,660 bytes in 763 blocks
==8519==         suppressed: 0 bytes in 0 blocks
==8519== Reachable blocks (those to which a pointer was found) are not shown.
==8519== To see them, rerun with: --leak-check=full --show-leak-kinds=all
==8519== 
==8519== For lists of detected and suppressed errors, rerun with: -s
==8519== ERROR SUMMARY: 0 errors from 0 contexts (suppressed: 0 from 0)
==8520== 
==8520== HEAP SUMMARY:
==8520==     in use at exit: 21,741 bytes in 766 blocks
==8520==   total heap usage: 3,701 allocs, 2,935 frees, 1,325,484 bytes allocated
==8520== 
==8520== LEAK SUMMARY:
==8520==    definitely lost: 0 bytes in 0 blocks
==8520==    indirectly lost: 0 bytes in 0 blocks
==8520==      possibly lost: 0 bytes in 0 blocks
==8520==    still reachable: 21,741 bytes in 766 blocks
==8520==         suppressed: 0 bytes in 0 blocks
==8520== Reachable blocks (those to which a pointer was found) are not shown.
==8520== To see them, rerun with: --leak-check=full --show-leak-kinds=all
==8520== 
==8520== For lists of detected and suppressed errors, rerun with: -s
==8520== ERROR SUMMARY: 0 errors from 0 contexts (suppressed: 0 from 0)
==8521== 
==8521== HEAP SUMMARY:
==8521==     in use at exit: 21,822 bytes in 769 blocks
==8521==   total heap usage: 3,724 allocs, 2,955 frees, 1,338,817 bytes allocated
==8521== 
==8521== LEAK SUMMARY:
==8521==    definitely lost: 0 bytes in 0 blocks
==8521==    indirectly lost: 0 bytes in 0 blocks
==8521==      possibly lost: 0 bytes in 0 blocks
==8521==    still reachable: 21,822 bytes in 769 blocks
==8521==         suppressed: 0 bytes in 0 blocks
==8521== Reachable blocks (those to which a pointer was found) are not shown.
==8521== To see them, rerun with: --leak-check=full --show-leak-kinds=all
==8521== 
==8521== For lists of detected and suppressed errors, rerun with: -s
==8521== ERROR SUMMARY: 0 errors from 0 contexts (suppressed: 0 from 0)
==8522== 
==8522== HEAP SUMMARY:
==8522==     in use at exit: 21,903 bytes in 772 blocks
==8522==   total heap usage: 3,739 allocs, 2,967 frees, 1,351,896 bytes allocated
==8522== 
==8522== LEAK SUMMARY:
==8522==    definitely lost: 0 bytes in 0 blocks
==8522==    indirectly lost: 0 bytes in 0 blocks
==8522==      possibly lost: 0 bytes in 0 blocks
==8522==    still reachable: 21,903 bytes in 772 blocks
==8522==         suppressed: 0 bytes in 0 blocks
==8522== Reachable blocks (those to which a pointer was found) are not shown.
==8522== To see them, rerun with: --leak-check=full --show-leak-kinds=all
==8522== 
==8522== For lists of detected and suppressed errors, rerun with: -s
==8522== ERROR SUMMARY: 0 errors from 0 contexts (suppressed: 0 from 0)
==8523== 
==8523== HEAP SUMMARY:
==8523==     in use at exit: 21,984 bytes in 775 blocks
==8523==   total heap usage: 3,752 allocs, 2,977 frees, 1,364,972 bytes allocated
==8523== 
==8523== LEAK SUMMARY:
==8523==    definitely lost: 0 bytes in 0 blocks
==8523==    indirectly lost: 0 bytes in 0 blocks
==8523==      possibly lost: 0 bytes in 0 blocks
==8523==    still reachable: 21,984 bytes in 775 blocks
==8523==         suppressed: 0 bytes in 0 blocks
==8523== Reachable blocks (those to which a pointer was found) are not shown.
==8523== To see them, rerun with: --leak-check=full --show-leak-kinds=all
==8523== 
==8523== For lists of detected and suppressed errors, rerun with: -s
==8523== ERROR SUMMARY: 0 errors from 0 contexts (suppressed: 0 from 0)
==8524== 
==8524== HEAP SUMMARY:
==8524==     in use at exit: 22,065 bytes in 778 blocks
==8524==   total heap usage: 3,767 allocs, 2,989 frees, 1,378,106 bytes allocated
==8524== 
==8524== LEAK SUMMARY:
==8524==    definitely lost: 0 bytes in 0 blocks
==8524==    indirectly lost: 0 bytes in 0 blocks
==8524==      possibly lost: 0 bytes in 0 blocks
==8524==    still reachable: 22,065 bytes in 778 blocks
==8524==         suppressed: 0 bytes in 0 blocks
==8524== Reachable blocks (those to which a pointer was found) are not shown.
==8524== To see them, rerun with: --leak-check=full --show-leak-kinds=all
==8524== 
==8524== For lists of detected and suppressed errors, rerun with: -s
==8524== ERROR SUMMARY: 0 errors from 0 contexts (suppressed: 0 from 0)
==8525== 
==8525== HEAP SUMMARY:
==8525==     in use at exit: 22,146 bytes in 781 blocks
==8525==   total heap usage: 3,784 allocs, 3,003 frees, 1,391,276 bytes allocated
==8525== 
==8525== LEAK SUMMARY:
==8525==    definitely lost: 0 bytes in 0 blocks
==8525==    indirectly lost: 0 bytes in 0 blocks
==8525==      possibly lost: 0 bytes in 0 blocks
==8525==    still reachable: 22,146 bytes in 781 blocks
==8525==         suppressed: 0 bytes in 0 blocks
==8525== Reachable blocks (those to which a pointer was found) are not shown.
==8525== To see them, rerun with: --leak-check=full --show-leak-kinds=all
==8525== 
==8525== For lists of detected and suppressed errors, rerun with: -s
==8525== ERROR SUMMARY: 0 errors from 0 contexts (suppressed: 0 from 0)
==8526== 
==8526== HEAP SUMMARY:
==8526==     in use at exit: 22,227 bytes in 784 blocks
==8526==   total heap usage: 3,801 allocs, 3,017 frees, 1,404,435 bytes allocated
==8526== 
==8526== LEAK SUMMARY:
==8526==    definitely lost: 0 bytes in 0 blocks
==8526==    indirectly lost: 0 bytes in 0 blocks
==8526==      possibly lost: 0 bytes in 0 blocks
==8526==    still reachable: 22,227 bytes in 784 blocks
==8526==         suppressed: 0 bytes in 0 blocks
==8526== Reachable blocks (those to which a pointer was found) are not shown.
==8526== To see them, rerun with: --leak-check=full --show-leak-kinds=all
==8526== 
==8526== For lists of detected and suppressed errors, rerun with: -s
==8526== ERROR SUMMARY: 0 errors from 0 contexts (suppressed: 0 from 0)
==8527== 
==8527== HEAP SUMMARY:
==8527==     in use at exit: 22,308 bytes in 787 blocks
==8527==   total heap usage: 3,818 allocs, 3,031 frees, 1,417,594 bytes allocated
==8527== 
==8527== LEAK SUMMARY:
==8527==    definitely lost: 0 bytes in 0 blocks
==8527==    indirectly lost: 0 bytes in 0 blocks
==8527==      possibly lost: 0 bytes in 0 blocks
==8527==    still reachable: 22,308 bytes in 787 blocks
==8527==         suppressed: 0 bytes in 0 blocks
==8527== Reachable blocks (those to which a pointer was found) are not shown.
==8527== To see them, rerun with: --leak-check=full --show-leak-kinds=all
==8527== 
==8527== For lists of detected and suppressed errors, rerun with: -s
==8527== ERROR SUMMARY: 0 errors from 0 contexts (suppressed: 0 from 0)
==8528== 
==8528== HEAP SUMMARY:
==8528==     in use at exit: 22,389 bytes in 790 blocks
==8528==   total heap usage: 3,841 allocs, 3,051 frees, 1,430,894 bytes allocated
==8528== 
==8528== LEAK SUMMARY:
==8528==    definitely lost: 0 bytes in 0 blocks
==8528==    indirectly lost: 0 bytes in 0 blocks
==8528==      possibly lost: 0 bytes in 0 blocks
==8528==    still reachable: 22,389 bytes in 790 blocks
==8528==         suppressed: 0 bytes in 0 blocks
==8528== Reachable blocks (those to which a pointer was found) are not shown.
==8528== To see them, rerun with: --leak-check=full --show-leak-kinds=all
==8528== 
==8528== For lists of detected and suppressed errors, rerun with: -s
==8528== ERROR SUMMARY: 0 errors from 0 contexts (suppressed: 0 from 0)
==8529== 
==8529== HEAP SUMMARY:
==8529==     in use at exit: 22,470 bytes in 793 blocks
==8529==   total heap usage: 3,854 allocs, 3,061 frees, 1,443,926 bytes allocated
==8529== 
==8529== LEAK SUMMARY:
==8529==    definitely lost: 0 bytes in 0 blocks
==8529==    indirectly lost: 0 bytes in 0 blocks
==8529==      possibly lost: 0 bytes in 0 blocks
==8529==    still reachable: 22,470 bytes in 793 blocks
==8529==         suppressed: 0 bytes in 0 blocks
==8529== Reachable blocks (those to which a pointer was found) are not shown.
==8529== To see them, rerun with: --leak-check=full --show-leak-kinds=all
==8529== 
==8529== For lists of detected and suppressed errors, rerun with: -s
==8529== ERROR SUMMARY: 0 errors from 0 contexts (suppressed: 0 from 0)
==8530== 
==8530== HEAP SUMMARY:
==8530==     in use at exit: 22,551 bytes in 796 blocks
==8530==   total heap usage: 3,866 allocs, 3,070 frees, 1,456,990 bytes allocated
==8530== 
==8530== LEAK SUMMARY:
==8530==    definitely lost: 0 bytes in 0 blocks
==8530==    indirectly lost: 0 bytes in 0 blocks
==8530==      possibly lost: 0 bytes in 0 blocks
==8530==    still reachable: 22,551 bytes in 796 blocks
==8530==         suppressed: 0 bytes in 0 blocks
==8530== Reachable blocks (those to which a pointer was found) are not shown.
==8530== To see them, rerun with: --leak-check=full --show-leak-kinds=all
==8530== 
==8530== For lists of detected and suppressed errors, rerun with: -s
==8530== ERROR SUMMARY: 0 errors from 0 contexts (suppressed: 0 from 0)
==8531== 
==8531== HEAP SUMMARY:
==8531==     in use at exit: 22,632 bytes in 799 blocks
==8531==   total heap usage: 3,877 allocs, 3,078 frees, 1,470,018 bytes allocated
==8531== 
==8531== LEAK SUMMARY:
==8531==    definitely lost: 0 bytes in 0 blocks
==8531==    indirectly lost: 0 bytes in 0 blocks
==8531==      possibly lost: 0 bytes in 0 blocks
==8531==    still reachable: 22,632 bytes in 799 blocks
==8531==         suppressed: 0 bytes in 0 blocks
==8531== Reachable blocks (those to which a pointer was found) are not shown.
==8531== To see them, rerun with: --leak-check=full --show-leak-kinds=all
==8531== 
==8531== For lists of detected and suppressed errors, rerun with: -s
==8531== ERROR SUMMARY: 0 errors from 0 contexts (suppressed: 0 from 0)
==8532== 
==8532== HEAP SUMMARY:
==8532==     in use at exit: 22,713 bytes in 802 blocks
==8532==   total heap usage: 3,888 allocs, 3,086 frees, 1,483,092 bytes allocated
==8532== 
==8532== LEAK SUMMARY:
==8532==    definitely lost: 0 bytes in 0 blocks
==8532==    indirectly lost: 0 bytes in 0 blocks
==8532==      possibly lost: 0 bytes in 0 blocks
==8532==    still reachable: 22,713 bytes in 802 blocks
==8532==         suppressed: 0 bytes in 0 blocks
==8532== Reachable blocks (those to which a pointer was found) are not shown.
==8532== To see them, rerun with: --leak-check=full --show-leak-kinds=all
==8532== 
==8532== For lists of detected and suppressed errors, rerun with: -s
==8532== ERROR SUMMARY: 0 errors from 0 contexts (suppressed: 0 from 0)
==8533== 
==8533== HEAP SUMMARY:
==8533==     in use at exit: 22,794 bytes in 805 blocks
==8533==   total heap usage: 3,899 allocs, 3,094 frees, 1,496,143 bytes allocated
==8533== 
==8533== LEAK SUMMARY:
==8533==    definitely lost: 0 bytes in 0 blocks
==8533==    indirectly lost: 0 bytes in 0 blocks
==8533==      possibly lost: 0 bytes in 0 blocks
==8533==    still reachable: 22,794 bytes in 805 blocks
==8533==         suppressed: 0 bytes in 0 blocks
==8533== Reachable blocks (those to which a pointer was found) are not shown.
==8533== To see them, rerun with: --leak-check=full --show-leak-kinds=all
==8533== 
==8533== For lists of detected and suppressed errors, rerun with: -s
==8533== ERROR SUMMARY: 0 errors from 0 contexts (suppressed: 0 from 0)
==8534== 
==8534== HEAP SUMMARY:
==8534==     in use at exit: 22,875 bytes in 808 blocks
==8534==   total heap usage: 3,910 allocs, 3,102 frees, 1,509,231 bytes allocated
==8534== 
==8534== LEAK SUMMARY:
==8534==    definitely lost: 0 bytes in 0 blocks
==8534==    indirectly lost: 0 bytes in 0 blocks
==8534==      possibly lost: 0 bytes in 0 blocks
==8534==    still reachable: 22,875 bytes in 808 blocks
==8534==         suppressed: 0 bytes in 0 blocks
==8534== Reachable blocks (those to which a pointer was found) are not shown.
==8534== To see them, rerun with: --leak-check=full --show-leak-kinds=all
==8534== 
==8534== For lists of detected and suppressed errors, rerun with: -s
==8534== ERROR SUMMARY: 0 errors from 0 contexts (suppressed: 0 from 0)
==8535== 
==8535== HEAP SUMMARY:
==8535==     in use at exit: 22,956 bytes in 811 blocks
==8535==   total heap usage: 3,921 allocs, 3,110 frees, 1,522,223 bytes allocated
==8535== 
==8535== LEAK SUMMARY:
==8535==    definitely lost: 0 bytes in 0 blocks
==8535==    indirectly lost: 0 bytes in 0 blocks
==8535==      possibly lost: 0 bytes in 0 blocks
==8535==    still reachable: 22,956 bytes in 811 blocks
==8535==         suppressed: 0 bytes in 0 blocks
==8535== Reachable blocks (those to which a pointer was found) are not shown.
==8535== To see them, rerun with: --leak-check=full --show-leak-kinds=all
==8535== 
==8535== For lists of detected and suppressed errors, rerun with: -s
==8535== ERROR SUMMARY: 0 errors from 0 contexts (suppressed: 0 from 0)
==8536== 
==8536== HEAP SUMMARY:
==8536==     in use at exit: 23,037 bytes in 814 blocks
==8536==   total heap usage: 3,934 allocs, 3,120 frees, 4,535,275 bytes allocated
==8536== 
==8536== LEAK SUMMARY:
==8536==    definitely lost: 0 bytes in 0 blocks
==8536==    indirectly lost: 0 bytes in 0 blocks
==8536==      possibly lost: 0 bytes in 0 blocks
==8536==    still reachable: 23,037 bytes in 814 blocks
==8536==         suppressed: 0 bytes in 0 blocks
==8536== Reachable blocks (those to which a pointer was found) are not shown.
==8536== To see them, rerun with: --leak-check=full --show-leak-kinds=all
==8536== 
==8536== For lists of detected and suppressed errors, rerun with: -s
==8536== ERROR SUMMARY: 0 errors from 0 contexts (suppressed: 0 from 0)
==8537== 
==8537== HEAP SUMMARY:
==8537==     in use at exit: 23,118 bytes in 817 blocks
==8537==   total heap usage: 3,943 allocs, 3,126 frees, 1,548,347 bytes allocated
==8537== 
==8537== LEAK SUMMARY:
==8537==    definitely lost: 0 bytes in 0 blocks
==8537==    indirectly lost: 0 bytes in 0 blocks
==8537==      possibly lost: 0 bytes in 0 blocks
==8537==    still reachable: 23,118 bytes in 817 blocks
==8537==         suppressed: 0 bytes in 0 blocks
==8537== Reachable blocks (those to which a pointer was found) are not shown.
==8537== To see them, rerun with: --leak-check=full --show-leak-kinds=all
==8537== 
==8537== For lists of detected and suppressed errors, rerun with: -s
==8537== ERROR SUMMARY: 0 errors from 0 contexts (suppressed: 0 from 0)
==8538== 
==8538== HEAP SUMMARY:
==8538==     in use at exit: 23,199 bytes in 820 blocks
==8538==   total heap usage: 3,954 allocs, 3,134 frees, 1,561,375 bytes allocated
==8538== 
==8538== LEAK SUMMARY:
==8538==    definitely lost: 0 bytes in 0 blocks
==8538==    indirectly lost: 0 bytes in 0 blocks
==8538==      possibly lost: 0 bytes in 0 blocks
==8538==    still reachable: 23,199 bytes in 820 blocks
==8538==         suppressed: 0 bytes in 0 blocks
==8538== Reachable blocks (those to which a pointer was found) are not shown.
==8538== To see them, rerun with: --leak-check=full --show-leak-kinds=all
==8538== 
==8538== For lists of detected and suppressed errors, rerun with: -s
==8538== ERROR SUMMARY: 0 errors from 0 contexts (suppressed: 0 from 0)
==8539== 
==8539== HEAP SUMMARY:
==8539==     in use at exit: 23,280 bytes in 823 blocks
==8539==   total heap usage: 3,965 allocs, 3,142 frees, 1,574,449 bytes allocated
==8539== 
==8539== LEAK SUMMARY:
==8539==    definitely lost: 0 bytes in 0 blocks
==8539==    indirectly lost: 0 bytes in 0 blocks
==8539==      possibly lost: 0 bytes in 0 blocks
==8539==    still reachable: 23,280 bytes in 823 blocks
==8539==         suppressed: 0 bytes in 0 blocks
==8539== Reachable blocks (those to which a pointer was found) are not shown.
==8539== To see them, rerun with: --leak-check=full --show-leak-kinds=all
==8539== 
==8539== For lists of detected and suppressed errors, rerun with: -s
==8539== ERROR SUMMARY: 0 errors from 0 contexts (suppressed: 0 from 0)
==8540== 
==8540== HEAP SUMMARY:
==8540==     in use at exit: 23,361 bytes in 826 blocks
==8540==   total heap usage: 3,976 allocs, 3,150 frees, 1,587,500 bytes allocated
==8540== 
==8540== LEAK SUMMARY:
==8540==    definitely lost: 0 bytes in 0 blocks
==8540==    indirectly lost: 0 bytes in 0 blocks
==8540==      possibly lost: 0 bytes in 0 blocks
==8540==    still reachable: 23,361 bytes in 826 blocks
==8540==         suppressed: 0 bytes in 0 blocks
==8540== Reachable blocks (those to which a pointer was found) are not shown.
==8540== To see them, rerun with: --leak-check=full --show-leak-kinds=all
==8540== 
==8540== For lists of detected and suppressed errors, rerun with: -s
==8540== ERROR SUMMARY: 0 errors from 0 contexts (suppressed: 0 from 0)
==8541== 
==8541== HEAP SUMMARY:
==8541==     in use at exit: 23,442 bytes in 829 blocks
==8541==   total heap usage: 3,987 allocs, 3,158 frees, 1,600,588 bytes allocated
==8541== 
==8541== LEAK SUMMARY:
==8541==    definitely lost: 0 bytes in 0 blocks
==8541==    indirectly lost: 0 bytes in 0 blocks
==8541==      possibly lost: 0 bytes in 0 blocks
==8541==    still reachable: 23,442 bytes in 829 blocks
==8541==         suppressed: 0 bytes in 0 blocks
==8541== Reachable blocks (those to which a pointer was found) are not shown.
==8541== To see them, rerun with: --leak-check=full --show-leak-kinds=all
==8541== 
==8541== For lists of detected and suppressed errors, rerun with: -s
==8541== ERROR SUMMARY: 0 errors from 0 contexts (suppressed: 0 from 0)
==8542== 
==8542== HEAP SUMMARY:
==8542==     in use at exit: 23,523 bytes in 832 blocks
==8542==   total heap usage: 3,998 allocs, 3,166 frees, 1,613,580 bytes allocated
==8542== 
==8542== LEAK SUMMARY:
==8542==    definitely lost: 0 bytes in 0 blocks
==8542==    indirectly lost: 0 bytes in 0 blocks
==8542==      possibly lost: 0 bytes in 0 blocks
==8542==    still reachable: 23,523 bytes in 832 blocks
==8542==         suppressed: 0 bytes in 0 blocks
==8542== Reachable blocks (those to which a pointer was found) are not shown.
==8542== To see them, rerun with: --leak-check=full --show-leak-kinds=all
==8542== 
==8542== For lists of detected and suppressed errors, rerun with: -s
==8542== ERROR SUMMARY: 0 errors from 0 contexts (suppressed: 0 from 0)
==8543== 
==8543== HEAP SUMMARY:
==8543==     in use at exit: 23,604 bytes in 835 blocks
==8543==   total heap usage: 4,011 allocs, 3,176 frees, 4,626,632 bytes allocated
==8543== 
==8543== LEAK SUMMARY:
==8543==    definitely lost: 0 bytes in 0 blocks
==8543==    indirectly lost: 0 bytes in 0 blocks
==8543==      possibly lost: 0 bytes in 0 blocks
==8543==    still reachable: 23,604 bytes in 835 blocks
==8543==         suppressed: 0 bytes in 0 blocks
==8543== Reachable blocks (those to which a pointer was found) are not shown.
==8543== To see them, rerun with: --leak-check=full --show-leak-kinds=all
==8543== 
==8543== For lists of detected and suppressed errors, rerun with: -s
==8543== ERROR SUMMARY: 0 errors from 0 contexts (suppressed: 0 from 0)
==8544== 
==8544== HEAP SUMMARY:
==8544==     in use at exit: 23,685 bytes in 838 blocks
==8544==   total heap usage: 4,020 allocs, 3,182 frees, 1,639,727 bytes allocated
==8544== 
==8544== LEAK SUMMARY:
==8544==    definitely lost: 0 bytes in 0 blocks
==8544==    indirectly lost: 0 bytes in 0 blocks
==8544==      possibly lost: 0 bytes in 0 blocks
==8544==    still reachable: 23,685 bytes in 838 blocks
==8544==         suppressed: 0 bytes in 0 blocks
==8544== Reachable blocks (those to which a pointer was found) are not shown.
==8544== To see them, rerun with: --leak-check=full --show-leak-kinds=all
==8544== 
==8544== For lists of detected and suppressed errors, rerun with: -s
==8544== ERROR SUMMARY: 0 errors from 0 contexts (suppressed: 0 from 0)
==8545== 
==8545== HEAP SUMMARY:
==8545==     in use at exit: 23,766 bytes in 841 blocks
==8545==   total heap usage: 4,031 allocs, 3,190 frees, 1,652,745 bytes allocated
==8545== 
==8545== LEAK SUMMARY:
==8545==    definitely lost: 0 bytes in 0 blocks
==8545==    indirectly lost: 0 bytes in 0 blocks
==8545==      possibly lost: 0 bytes in 0 blocks
==8545==    still reachable: 23,766 bytes in 841 blocks
==8545==         suppressed: 0 bytes in 0 blocks
==8545== Reachable blocks (those to which a pointer was found) are not shown.
==8545== To see them, rerun with: --leak-check=full --show-leak-kinds=all
==8545== 
==8545== For lists of detected and suppressed errors, rerun with: -s
==8545== ERROR SUMMARY: 0 errors from 0 contexts (suppressed: 0 from 0)
==8546== 
==8546== HEAP SUMMARY:
==8546==     in use at exit: 23,847 bytes in 844 blocks
==8546==   total heap usage: 4,042 allocs, 3,198 frees, 1,665,796 bytes allocated
==8546== 
==8546== LEAK SUMMARY:
==8546==    definitely lost: 0 bytes in 0 blocks
==8546==    indirectly lost: 0 bytes in 0 blocks
==8546==      possibly lost: 0 bytes in 0 blocks
==8546==    still reachable: 23,847 bytes in 844 blocks
==8546==         suppressed: 0 bytes in 0 blocks
==8546== Reachable blocks (those to which a pointer was found) are not shown.
==8546== To see them, rerun with: --leak-check=full --show-leak-kinds=all
==8546== 
==8546== For lists of detected and suppressed errors, rerun with: -s
==8546== ERROR SUMMARY: 0 errors from 0 contexts (suppressed: 0 from 0)
==8547== 
==8547== HEAP SUMMARY:
==8547==     in use at exit: 23,928 bytes in 847 blocks
==8547==   total heap usage: 4,053 allocs, 3,206 frees, 1,678,840 bytes allocated
==8547== 
==8547== LEAK SUMMARY:
==8547==    definitely lost: 0 bytes in 0 blocks
==8547==    indirectly lost: 0 bytes in 0 blocks
==8547==      possibly lost: 0 bytes in 0 blocks
==8547==    still reachable: 23,928 bytes in 847 blocks
==8547==         suppressed: 0 bytes in 0 blocks
==8547== Reachable blocks (those to which a pointer was found) are not shown.
==8547== To see them, rerun with: --leak-check=full --show-leak-kinds=all
==8547== 
==8547== For lists of detected and suppressed errors, rerun with: -s
==8547== ERROR SUMMARY: 0 errors from 0 contexts (suppressed: 0 from 0)
==8548== 
==8548== HEAP SUMMARY:
==8548==     in use at exit: 24,009 bytes in 850 blocks
==8548==   total heap usage: 4,064 allocs, 3,214 frees, 1,691,892 bytes allocated
==8548== 
==8548== LEAK SUMMARY:
==8548==    definitely lost: 0 bytes in 0 blocks
==8548==    indirectly lost: 0 bytes in 0 blocks
==8548==      possibly lost: 0 bytes in 0 blocks
==8548==    still reachable: 24,009 bytes in 850 blocks
==8548==         suppressed: 0 bytes in 0 blocks
==8548== Reachable blocks (those to which a pointer was found) are not shown.
==8548== To see them, rerun with: --leak-check=full --show-leak-kinds=all
==8548== 
==8548== For lists of detected and suppressed errors, rerun with: -s
==8548== ERROR SUMMARY: 0 errors from 0 contexts (suppressed: 0 from 0)
==8549== 
==8549== HEAP SUMMARY:
==8549==     in use at exit: 24,090 bytes in 853 blocks
==8549==   total heap usage: 4,074 allocs, 3,221 frees, 1,704,935 bytes allocated
==8549== 
==8549== LEAK SUMMARY:
==8549==    definitely lost: 0 bytes in 0 blocks
==8549==    indirectly lost: 0 bytes in 0 blocks
==8549==      possibly lost: 0 bytes in 0 blocks
==8549==    still reachable: 24,090 bytes in 853 blocks
==8549==         suppressed: 0 bytes in 0 blocks
==8549== Reachable blocks (those to which a pointer was found) are not shown.
==8549== To see them, rerun with: --leak-check=full --show-leak-kinds=all
==8549== 
==8549== For lists of detected and suppressed errors, rerun with: -s
==8549== ERROR SUMMARY: 0 errors from 0 contexts (suppressed: 0 from 0)
==8550== 
==8550== HEAP SUMMARY:
==8550==     in use at exit: 24,171 bytes in 856 blocks
==8550==   total heap usage: 4,090 allocs, 3,234 frees, 3,718,036 bytes allocated
==8550== 
==8550== LEAK SUMMARY:
==8550==    definitely lost: 0 bytes in 0 blocks
==8550==    indirectly lost: 0 bytes in 0 blocks
==8550==      possibly lost: 0 bytes in 0 blocks
==8550==    still reachable: 24,171 bytes in 856 blocks
==8550==         suppressed: 0 bytes in 0 blocks
==8550== Reachable blocks (those to which a pointer was found) are not shown.
==8550== To see them, rerun with: --leak-check=full --show-leak-kinds=all
==8550== 
==8550== For lists of detected and suppressed errors, rerun with: -s
==8550== ERROR SUMMARY: 0 errors from 0 contexts (suppressed: 0 from 0)
==8551== 
==8551== HEAP SUMMARY:
==8551==     in use at exit: 24,252 bytes in 859 blocks
==8551==   total heap usage: 4,099 allocs, 3,240 frees, 1,731,074 bytes allocated
==8551== 
==8551== LEAK SUMMARY:
==8551==    definitely lost: 0 bytes in 0 blocks
==8551==    indirectly lost: 0 bytes in 0 blocks
==8551==      possibly lost: 0 bytes in 0 blocks
==8551==    still reachable: 24,252 bytes in 859 blocks
==8551==         suppressed: 0 bytes in 0 blocks
==8551== Reachable blocks (those to which a pointer was found) are not shown.
==8551== To see them, rerun with: --leak-check=full --show-leak-kinds=all
==8551== 
==8551== For lists of detected and suppressed errors, rerun with: -s
==8551== ERROR SUMMARY: 0 errors from 0 contexts (suppressed: 0 from 0)
==8552== 
==8552== HEAP SUMMARY:
==8552==     in use at exit: 25,357 bytes in 862 blocks
==8552==   total heap usage: 4,111 allocs, 3,249 frees, 1,746,173 bytes allocated
==8552== 
==8552== LEAK SUMMARY:
==8552==    definitely lost: 0 bytes in 0 blocks
==8552==    indirectly lost: 0 bytes in 0 blocks
==8552==      possibly lost: 0 bytes in 0 blocks
==8552==    still reachable: 25,357 bytes in 862 blocks
==8552==         suppressed: 0 bytes in 0 blocks
==8552== Reachable blocks (those to which a pointer was found) are not shown.
==8552== To see them, rerun with: --leak-check=full --show-leak-kinds=all
==8552== 
==8552== For lists of detected and suppressed errors, rerun with: -s
==8552== ERROR SUMMARY: 0 errors from 0 contexts (suppressed: 0 from 0)
==8553== 
==8553== HEAP SUMMARY:
==8553==     in use at exit: 25,438 bytes in 865 blocks
==8553==   total heap usage: 4,122 allocs, 3,257 frees, 1,759,247 bytes allocated
==8553== 
==8553== LEAK SUMMARY:
==8553==    definitely lost: 0 bytes in 0 blocks
==8553==    indirectly lost: 0 bytes in 0 blocks
==8553==      possibly lost: 0 bytes in 0 blocks
==8553==    still reachable: 25,438 bytes in 865 blocks
==8553==         suppressed: 0 bytes in 0 blocks
==8553== Reachable blocks (those to which a pointer was found) are not shown.
==8553== To see them, rerun with: --leak-check=full --show-leak-kinds=all
==8553== 
==8553== For lists of detected and suppressed errors, rerun with: -s
==8553== ERROR SUMMARY: 0 errors from 0 contexts (suppressed: 0 from 0)
==8554== 
==8554== HEAP SUMMARY:
==8554==     in use at exit: 25,519 bytes in 868 blocks
==8554==   total heap usage: 4,133 allocs, 3,265 frees, 1,772,298 bytes allocated
==8554== 
==8554== LEAK SUMMARY:
==8554==    definitely lost: 0 bytes in 0 blocks
==8554==    indirectly lost: 0 bytes in 0 blocks
==8554==      possibly lost: 0 bytes in 0 blocks
==8554==    still reachable: 25,519 bytes in 868 blocks
==8554==         suppressed: 0 bytes in 0 blocks
==8554== Reachable blocks (those to which a pointer was found) are not shown.
==8554== To see them, rerun with: --leak-check=full --show-leak-kinds=all
==8554== 
==8554== For lists of detected and suppressed errors, rerun with: -s
==8554== ERROR SUMMARY: 0 errors from 0 contexts (suppressed: 0 from 0)
==8555== 
==8555== HEAP SUMMARY:
==8555==     in use at exit: 25,600 bytes in 871 blocks
==8555==   total heap usage: 4,143 allocs, 3,272 frees, 1,785,325 bytes allocated
==8555== 
==8555== LEAK SUMMARY:
==8555==    definitely lost: 0 bytes in 0 blocks
==8555==    indirectly lost: 0 bytes in 0 blocks
==8555==      possibly lost: 0 bytes in 0 blocks
==8555==    still reachable: 25,600 bytes in 871 blocks
==8555==         suppressed: 0 bytes in 0 blocks
==8555== Reachable blocks (those to which a pointer was found) are not shown.
==8555== To see them, rerun with: --leak-check=full --show-leak-kinds=all
==8555== 
==8555== For lists of detected and suppressed errors, rerun with: -s
==8555== ERROR SUMMARY: 0 errors from 0 contexts (suppressed: 0 from 0)
==8556== 
==8556== HEAP SUMMARY:
==8556==     in use at exit: 25,681 bytes in 874 blocks
==8556==   total heap usage: 4,157 allocs, 3,283 frees, 3,798,379 bytes allocated
==8556== 
==8556== LEAK SUMMARY:
==8556==    definitely lost: 0 bytes in 0 blocks
==8556==    indirectly lost: 0 bytes in 0 blocks
==8556==      possibly lost: 0 bytes in 0 blocks
==8556==    still reachable: 25,681 bytes in 874 blocks
==8556==         suppressed: 0 bytes in 0 blocks
==8556== Reachable blocks (those to which a pointer was found) are not shown.
==8556== To see them, rerun with: --leak-check=full --show-leak-kinds=all
==8556== 
==8556== For lists of detected and suppressed errors, rerun with: -s
==8556== ERROR SUMMARY: 0 errors from 0 contexts (suppressed: 0 from 0)
==8557== 
==8557== HEAP SUMMARY:
==8557==     in use at exit: 25,762 bytes in 877 blocks
==8557==   total heap usage: 4,168 allocs, 3,291 frees, 1,811,823 bytes allocated
==8557== 
==8557== LEAK SUMMARY:
==8557==    definitely lost: 0 bytes in 0 blocks
==8557==    indirectly lost: 0 bytes in 0 blocks
==8557==      possibly lost: 0 bytes in 0 blocks
==8557==    still reachable: 25,762 bytes in 877 blocks
==8557==         suppressed: 0 bytes in 0 blocks
==8557== Reachable blocks (those to which a pointer was found) are not shown.
==8557== To see them, rerun with: --leak-check=full --show-leak-kinds=all
==8557== 
==8557== For lists of detected and suppressed errors, rerun with: -s
==8557== ERROR SUMMARY: 0 errors from 0 contexts (suppressed: 0 from 0)
==8558== 
==8558== HEAP SUMMARY:
==8558==     in use at exit: 25,843 bytes in 880 blocks
==8558==   total heap usage: 4,182 allocs, 3,302 frees, 1,824,911 bytes allocated
==8558== 
==8558== LEAK SUMMARY:
==8558==    definitely lost: 0 bytes in 0 blocks
==8558==    indirectly lost: 0 bytes in 0 blocks
==8558==      possibly lost: 0 bytes in 0 blocks
==8558==    still reachable: 25,843 bytes in 880 blocks
==8558==         suppressed: 0 bytes in 0 blocks
==8558== Reachable blocks (those to which a pointer was found) are not shown.
==8558== To see them, rerun with: --leak-check=full --show-leak-kinds=all
==8558== 
==8558== For lists of detected and suppressed errors, rerun with: -s
==8558== ERROR SUMMARY: 0 errors from 0 contexts (suppressed: 0 from 0)
==8559== 
==8559== HEAP SUMMARY:
==8559==     in use at exit: 25,924 bytes in 883 blocks
==8559==   total heap usage: 4,194 allocs, 3,311 frees, 1,838,004 bytes allocated
==8559== 
==8559== LEAK SUMMARY:
==8559==    definitely lost: 0 bytes in 0 blocks
==8559==    indirectly lost: 0 bytes in 0 blocks
==8559==      possibly lost: 0 bytes in 0 blocks
==8559==    still reachable: 25,924 bytes in 883 blocks
==8559==         suppressed: 0 bytes in 0 blocks
==8559== Reachable blocks (those to which a pointer was found) are not shown.
==8559== To see them, rerun with: --leak-check=full --show-leak-kinds=all
==8559== 
==8559== For lists of detected and suppressed errors, rerun with: -s
==8559== ERROR SUMMARY: 0 errors from 0 contexts (suppressed: 0 from 0)
==8560== 
==8560== HEAP SUMMARY:
==8560==     in use at exit: 26,005 bytes in 886 blocks
==8560==   total heap usage: 4,207 allocs, 3,321 frees, 1,851,084 bytes allocated
==8560== 
==8560== LEAK SUMMARY:
==8560==    definitely lost: 0 bytes in 0 blocks
==8560==    indirectly lost: 0 bytes in 0 blocks
==8560==      possibly lost: 0 bytes in 0 blocks
==8560==    still reachable: 26,005 bytes in 886 blocks
==8560==         suppressed: 0 bytes in 0 blocks
==8560== Reachable blocks (those to which a pointer was found) are not shown.
==8560== To see them, rerun with: --leak-check=full --show-leak-kinds=all
==8560== 
==8560== For lists of detected and suppressed errors, rerun with: -s
==8560== ERROR SUMMARY: 0 errors from 0 contexts (suppressed: 0 from 0)
==8561== 
==8561== HEAP SUMMARY:
==8561==     in use at exit: 26,086 bytes in 889 blocks
==8561==   total heap usage: 4,221 allocs, 3,332 frees, 1,864,172 bytes allocated
==8561== 
==8561== LEAK SUMMARY:
==8561==    definitely lost: 0 bytes in 0 blocks
==8561==    indirectly lost: 0 bytes in 0 blocks
==8561==      possibly lost: 0 bytes in 0 blocks
==8561==    still reachable: 26,086 bytes in 889 blocks
==8561==         suppressed: 0 bytes in 0 blocks
==8561== Reachable blocks (those to which a pointer was found) are not shown.
==8561== To see them, rerun with: --leak-check=full --show-leak-kinds=all
==8561== 
==8561== For lists of detected and suppressed errors, rerun with: -s
==8561== ERROR SUMMARY: 0 errors from 0 contexts (suppressed: 0 from 0)
==8562== 
==8562== HEAP SUMMARY:
==8562==     in use at exit: 26,167 bytes in 892 blocks
==8562==   total heap usage: 4,233 allocs, 3,341 frees, 1,877,258 bytes allocated
==8562== 
==8562== LEAK SUMMARY:
==8562==    definitely lost: 0 bytes in 0 blocks
==8562==    indirectly lost: 0 bytes in 0 blocks
==8562==      possibly lost: 0 bytes in 0 blocks
==8562==    still reachable: 26,167 bytes in 892 blocks
==8562==         suppressed: 0 bytes in 0 blocks
==8562== Reachable blocks (those to which a pointer was found) are not shown.
==8562== To see them, rerun with: --leak-check=full --show-leak-kinds=all
==8562== 
==8562== For lists of detected and suppressed errors, rerun with: -s
==8562== ERROR SUMMARY: 0 errors from 0 contexts (suppressed: 0 from 0)
==8563== 
==8563== HEAP SUMMARY:
==8563==     in use at exit: 26,248 bytes in 895 blocks
==8563==   total heap usage: 4,251 allocs, 3,356 frees, 1,891,424 bytes allocated
==8563== 
==8563== LEAK SUMMARY:
==8563==    definitely lost: 0 bytes in 0 blocks
==8563==    indirectly lost: 0 bytes in 0 blocks
==8563==      possibly lost: 0 bytes in 0 blocks
==8563==    still reachable: 26,248 bytes in 895 blocks
==8563==         suppressed: 0 bytes in 0 blocks
==8563== Reachable blocks (those to which a pointer was found) are not shown.
==8563== To see them, rerun with: --leak-check=full --show-leak-kinds=all
==8563== 
==8563== For lists of detected and suppressed errors, rerun with: -s
==8563== ERROR SUMMARY: 0 errors from 0 contexts (suppressed: 0 from 0)
==8564== 
==8564== HEAP SUMMARY:
==8564==     in use at exit: 26,329 bytes in 898 blocks
==8564==   total heap usage: 4,262 allocs, 3,364 frees, 1,903,797 bytes allocated
==8564== 
==8564== LEAK SUMMARY:
==8564==    definitely lost: 0 bytes in 0 blocks
==8564==    indirectly lost: 0 bytes in 0 blocks
==8564==      possibly lost: 0 bytes in 0 blocks
==8564==    still reachable: 26,329 bytes in 898 blocks
==8564==         suppressed: 0 bytes in 0 blocks
==8564== Reachable blocks (those to which a pointer was found) are not shown.
==8564== To see them, rerun with: --leak-check=full --show-leak-kinds=all
==8564== 
==8564== For lists of detected and suppressed errors, rerun with: -s
==8564== ERROR SUMMARY: 0 errors from 0 contexts (suppressed: 0 from 0)
==8565== 
==8565== HEAP SUMMARY:
==8565==     in use at exit: 26,410 bytes in 901 blocks
==8565==   total heap usage: 4,275 allocs, 3,374 frees, 1,916,884 bytes allocated
==8565== 
==8565== LEAK SUMMARY:
==8565==    definitely lost: 0 bytes in 0 blocks
==8565==    indirectly lost: 0 bytes in 0 blocks
==8565==      possibly lost: 0 bytes in 0 blocks
==8565==    still reachable: 26,410 bytes in 901 blocks
==8565==         suppressed: 0 bytes in 0 blocks
==8565== Reachable blocks (those to which a pointer was found) are not shown.
==8565== To see them, rerun with: --leak-check=full --show-leak-kinds=all
==8565== 
==8565== For lists of detected and suppressed errors, rerun with: -s
==8565== ERROR SUMMARY: 0 errors from 0 contexts (suppressed: 0 from 0)
==8566== 
==8566== HEAP SUMMARY:
==8566==     in use at exit: 26,491 bytes in 904 blocks
==8566==   total heap usage: 4,286 allocs, 3,382 frees, 1,929,616 bytes allocated
==8566== 
==8566== LEAK SUMMARY:
==8566==    definitely lost: 0 bytes in 0 blocks
==8566==    indirectly lost: 0 bytes in 0 blocks
==8566==      possibly lost: 0 bytes in 0 blocks
==8566==    still reachable: 26,491 bytes in 904 blocks
==8566==         suppressed: 0 bytes in 0 blocks
==8566== Reachable blocks (those to which a pointer was found) are not shown.
==8566== To see them, rerun with: --leak-check=full --show-leak-kinds=all
==8566== 
==8566== For lists of detected and suppressed errors, rerun with: -s
==8566== ERROR SUMMARY: 0 errors from 0 contexts (suppressed: 0 from 0)
==8567== 
==8567== HEAP SUMMARY:
==8567==     in use at exit: 26,572 bytes in 907 blocks
==8567==   total heap usage: 4,299 allocs, 3,392 frees, 1,942,703 bytes allocated
==8567== 
==8567== LEAK SUMMARY:
==8567==    definitely lost: 0 bytes in 0 blocks
==8567==    indirectly lost: 0 bytes in 0 blocks
==8567==      possibly lost: 0 bytes in 0 blocks
==8567==    still reachable: 26,572 bytes in 907 blocks
==8567==         suppressed: 0 bytes in 0 blocks
==8567== Reachable blocks (those to which a pointer was found) are not shown.
==8567== To see them, rerun with: --leak-check=full --show-leak-kinds=all
==8567== 
==8567== For lists of detected and suppressed errors, rerun with: -s
==8567== ERROR SUMMARY: 0 errors from 0 contexts (suppressed: 0 from 0)
==8568== 
==8568== HEAP SUMMARY:
==8568==     in use at exit: 26,653 bytes in 910 blocks
==8568==   total heap usage: 4,312 allocs, 3,402 frees, 1,955,789 bytes allocated
==8568== 
==8568== LEAK SUMMARY:
==8568==    definitely lost: 0 bytes in 0 blocks
==8568==    indirectly lost: 0 bytes in 0 blocks
==8568==      possibly lost: 0 bytes in 0 blocks
==8568==    still reachable: 26,653 bytes in 910 blocks
==8568==         suppressed: 0 bytes in 0 blocks
==8568== Reachable blocks (those to which a pointer was found) are not shown.
==8568== To see them, rerun with: --leak-check=full --show-leak-kinds=all
==8568== 
==8568== For lists of detected and suppressed errors, rerun with: -s
==8568== ERROR SUMMARY: 0 errors from 0 contexts (suppressed: 0 from 0)
==8569== 
==8569== HEAP SUMMARY:
==8569==     in use at exit: 26,734 bytes in 913 blocks
==8569==   total heap usage: 4,325 allocs, 3,412 frees, 1,968,876 bytes allocated
==8569== 
==8569== LEAK SUMMARY:
==8569==    definitely lost: 0 bytes in 0 blocks
==8569==    indirectly lost: 0 bytes in 0 blocks
==8569==      possibly lost: 0 bytes in 0 blocks
==8569==    still reachable: 26,734 bytes in 913 blocks
==8569==         suppressed: 0 bytes in 0 blocks
==8569== Reachable blocks (those to which a pointer was found) are not shown.
==8569== To see them, rerun with: --leak-check=full --show-leak-kinds=all
==8569== 
==8569== For lists of detected and suppressed errors, rerun with: -s
==8569== ERROR SUMMARY: 0 errors from 0 contexts (suppressed: 0 from 0)
==8570== 
==8570== HEAP SUMMARY:
==8570==     in use at exit: 26,815 bytes in 916 blocks
==8570==   total heap usage: 4,338 allocs, 3,422 frees, 1,981,963 bytes allocated
==8570== 
==8570== LEAK SUMMARY:
==8570==    definitely lost: 0 bytes in 0 blocks
==8570==    indirectly lost: 0 bytes in 0 blocks
==8570==      possibly lost: 0 bytes in 0 blocks
==8570==    still reachable: 26,815 bytes in 916 blocks
==8570==         suppressed: 0 bytes in 0 blocks
==8570== Reachable blocks (those to which a pointer was found) are not shown.
==8570== To see them, rerun with: --leak-check=full --show-leak-kinds=all
==8570== 
==8570== For lists of detected and suppressed errors, rerun with: -s
==8570== ERROR SUMMARY: 0 errors from 0 contexts (suppressed: 0 from 0)
==8571== 
==8571== HEAP SUMMARY:
==8571==     in use at exit: 26,896 bytes in 919 blocks
==8571==   total heap usage: 4,351 allocs, 3,432 frees, 1,995,050 bytes allocated
==8571== 
==8571== LEAK SUMMARY:
==8571==    definitely lost: 0 bytes in 0 blocks
==8571==    indirectly lost: 0 bytes in 0 blocks
==8571==      possibly lost: 0 bytes in 0 blocks
==8571==    still reachable: 26,896 bytes in 919 blocks
==8571==         suppressed: 0 bytes in 0 blocks
==8571== Reachable blocks (those to which a pointer was found) are not shown.
==8571== To see them, rerun with: --leak-check=full --show-leak-kinds=all
==8571== 
==8571== For lists of detected and suppressed errors, rerun with: -s
==8571== ERROR SUMMARY: 0 errors from 0 contexts (suppressed: 0 from 0)
==8572== 
==8572== HEAP SUMMARY:
==8572==     in use at exit: 26,977 bytes in 922 blocks
==8572==   total heap usage: 4,364 allocs, 3,442 frees, 2,008,129 bytes allocated
==8572== 
==8572== LEAK SUMMARY:
==8572==    definitely lost: 0 bytes in 0 blocks
==8572==    indirectly lost: 0 bytes in 0 blocks
==8572==      possibly lost: 0 bytes in 0 blocks
==8572==    still reachable: 26,977 bytes in 922 blocks
==8572==         suppressed: 0 bytes in 0 blocks
==8572== Reachable blocks (those to which a pointer was found) are not shown.
==8572== To see them, rerun with: --leak-check=full --show-leak-kinds=all
==8572== 
==8572== For lists of detected and suppressed errors, rerun with: -s
==8572== ERROR SUMMARY: 0 errors from 0 contexts (suppressed: 0 from 0)
==8573== 
==8573== HEAP SUMMARY:
==8573==     in use at exit: 27,058 bytes in 925 blocks
==8573==   total heap usage: 4,377 allocs, 3,452 frees, 2,021,216 bytes allocated
==8573== 
==8573== LEAK SUMMARY:
==8573==    definitely lost: 0 bytes in 0 blocks
==8573==    indirectly lost: 0 bytes in 0 blocks
==8573==      possibly lost: 0 bytes in 0 blocks
==8573==    still reachable: 27,058 bytes in 925 blocks
==8573==         suppressed: 0 bytes in 0 blocks
==8573== Reachable blocks (those to which a pointer was found) are not shown.
==8573== To see them, rerun with: --leak-check=full --show-leak-kinds=all
==8573== 
==8573== For lists of detected and suppressed errors, rerun with: -s
==8573== ERROR SUMMARY: 0 errors from 0 contexts (suppressed: 0 from 0)
==8574== 
==8574== HEAP SUMMARY:
==8574==     in use at exit: 27,139 bytes in 928 blocks
==8574==   total heap usage: 4,391 allocs, 3,463 frees, 2,035,015 bytes allocated
==8574== 
==8574== LEAK SUMMARY:
==8574==    definitely lost: 0 bytes in 0 blocks
==8574==    indirectly lost: 0 bytes in 0 blocks
==8574==      possibly lost: 0 bytes in 0 blocks
==8574==    still reachable: 27,139 bytes in 928 blocks
==8574==         suppressed: 0 bytes in 0 blocks
==8574== Reachable blocks (those to which a pointer was found) are not shown.
==8574== To see them, rerun with: --leak-check=full --show-leak-kinds=all
==8574== 
==8574== For lists of detected and suppressed errors, rerun with: -s
==8574== ERROR SUMMARY: 0 errors from 0 contexts (suppressed: 0 from 0)
==8575== 
==8575== HEAP SUMMARY:
==8575==     in use at exit: 27,220 bytes in 931 blocks
==8575==   total heap usage: 4,407 allocs, 3,476 frees, 2,048,113 bytes allocated
==8575== 
==8575== LEAK SUMMARY:
==8575==    definitely lost: 0 bytes in 0 blocks
==8575==    indirectly lost: 0 bytes in 0 blocks
==8575==      possibly lost: 0 bytes in 0 blocks
==8575==    still reachable: 27,220 bytes in 931 blocks
==8575==         suppressed: 0 bytes in 0 blocks
==8575== Reachable blocks (those to which a pointer was found) are not shown.
==8575== To see them, rerun with: --leak-check=full --show-leak-kinds=all
==8575== 
==8575== For lists of detected and suppressed errors, rerun with: -s
==8575== ERROR SUMMARY: 0 errors from 0 contexts (suppressed: 0 from 0)
==8576== 
==8576== HEAP SUMMARY:
==8576==     in use at exit: 27,301 bytes in 934 blocks
==8576==   total heap usage: 4,415 allocs, 3,481 frees, 2,060,485 bytes allocated
==8576== 
==8576== LEAK SUMMARY:
==8576==    definitely lost: 0 bytes in 0 blocks
==8576==    indirectly lost: 0 bytes in 0 blocks
==8576==      possibly lost: 0 bytes in 0 blocks
==8576==    still reachable: 27,301 bytes in 934 blocks
==8576==         suppressed: 0 bytes in 0 blocks
==8576== Reachable blocks (those to which a pointer was found) are not shown.
==8576== To see them, rerun with: --leak-check=full --show-leak-kinds=all
==8576== 
==8576== For lists of detected and suppressed errors, rerun with: -s
==8576== ERROR SUMMARY: 0 errors from 0 contexts (suppressed: 0 from 0)
==8577== 
==8577== HEAP SUMMARY:
==8577==     in use at exit: 27,382 bytes in 937 blocks
==8577==   total heap usage: 4,428 allocs, 3,491 frees, 2,073,564 bytes allocated
==8577== 
==8577== LEAK SUMMARY:
==8577==    definitely lost: 0 bytes in 0 blocks
==8577==    indirectly lost: 0 bytes in 0 blocks
==8577==      possibly lost: 0 bytes in 0 blocks
==8577==    still reachable: 27,382 bytes in 937 blocks
==8577==         suppressed: 0 bytes in 0 blocks
==8577== Reachable blocks (those to which a pointer was found) are not shown.
==8577== To see them, rerun with: --leak-check=full --show-leak-kinds=all
==8577== 
==8577== For lists of detected and suppressed errors, rerun with: -s
==8577== ERROR SUMMARY: 0 errors from 0 contexts (suppressed: 0 from 0)
==8578== 
==8578== HEAP SUMMARY:
==8578==     in use at exit: 27,463 bytes in 940 blocks
==8578==   total heap usage: 4,441 allocs, 3,501 frees, 2,086,651 bytes allocated
==8578== 
==8578== LEAK SUMMARY:
==8578==    definitely lost: 0 bytes in 0 blocks
==8578==    indirectly lost: 0 bytes in 0 blocks
==8578==      possibly lost: 0 bytes in 0 blocks
==8578==    still reachable: 27,463 bytes in 940 blocks
==8578==         suppressed: 0 bytes in 0 blocks
==8578== Reachable blocks (those to which a pointer was found) are not shown.
==8578== To see them, rerun with: --leak-check=full --show-leak-kinds=all
==8578== 
==8578== For lists of detected and suppressed errors, rerun with: -s
==8578== ERROR SUMMARY: 0 errors from 0 contexts (suppressed: 0 from 0)
==8579== 
==8579== HEAP SUMMARY:
==8579==     in use at exit: 27,544 bytes in 943 blocks
==8579==   total heap usage: 4,454 allocs, 3,511 frees, 2,099,746 bytes allocated
==8579== 
==8579== LEAK SUMMARY:
==8579==    definitely lost: 0 bytes in 0 blocks
==8579==    indirectly lost: 0 bytes in 0 blocks
==8579==      possibly lost: 0 bytes in 0 blocks
==8579==    still reachable: 27,544 bytes in 943 blocks
==8579==         suppressed: 0 bytes in 0 blocks
==8579== Reachable blocks (those to which a pointer was found) are not shown.
==8579== To see them, rerun with: --leak-check=full --show-leak-kinds=all
==8579== 
==8579== For lists of detected and suppressed errors, rerun with: -s
==8579== ERROR SUMMARY: 0 errors from 0 contexts (suppressed: 0 from 0)
==8580== 
==8580== HEAP SUMMARY:
==8580==     in use at exit: 27,625 bytes in 946 blocks
==8580==   total heap usage: 4,467 allocs, 3,521 frees, 2,112,833 bytes allocated
==8580== 
==8580== LEAK SUMMARY:
==8580==    definitely lost: 0 bytes in 0 blocks
==8580==    indirectly lost: 0 bytes in 0 blocks
==8580==      possibly lost: 0 bytes in 0 blocks
==8580==    still reachable: 27,625 bytes in 946 blocks
==8580==         suppressed: 0 bytes in 0 blocks
==8580== Reachable blocks (those to which a pointer was found) are not shown.
==8580== To see them, rerun with: --leak-check=full --show-leak-kinds=all
==8580== 
==8580== For lists of detected and suppressed errors, rerun with: -s
==8580== ERROR SUMMARY: 0 errors from 0 contexts (suppressed: 0 from 0)
==8581== 
==8581== HEAP SUMMARY:
==8581==     in use at exit: 27,706 bytes in 949 blocks
==8581==   total heap usage: 4,481 allocs, 3,532 frees, 2,125,912 bytes allocated
==8581== 
==8581== LEAK SUMMARY:
==8581==    definitely lost: 0 bytes in 0 blocks
==8581==    indirectly lost: 0 bytes in 0 blocks
==8581==      possibly lost: 0 bytes in 0 blocks
==8581==    still reachable: 27,706 bytes in 949 blocks
==8581==         suppressed: 0 bytes in 0 blocks
==8581== Reachable blocks (those to which a pointer was found) are not shown.
==8581== To see them, rerun with: --leak-check=full --show-leak-kinds=all
==8581== 
==8581== For lists of detected and suppressed errors, rerun with: -s
==8581== ERROR SUMMARY: 0 errors from 0 contexts (suppressed: 0 from 0)
==8582== 
==8582== HEAP SUMMARY:
==8582==     in use at exit: 27,787 bytes in 952 blocks
==8582==   total heap usage: 4,494 allocs, 3,542 frees, 2,139,008 bytes allocated
==8582== 
==8582== LEAK SUMMARY:
==8582==    definitely lost: 0 bytes in 0 blocks
==8582==    indirectly lost: 0 bytes in 0 blocks
==8582==      possibly lost: 0 bytes in 0 blocks
==8582==    still reachable: 27,787 bytes in 952 blocks
==8582==         suppressed: 0 bytes in 0 blocks
==8582== Reachable blocks (those to which a pointer was found) are not shown.
==8582== To see them, rerun with: --leak-check=full --show-leak-kinds=all
==8582== 
==8582== For lists of detected and suppressed errors, rerun with: -s
==8582== ERROR SUMMARY: 0 errors from 0 contexts (suppressed: 0 from 0)
==8583== 
==8583== HEAP SUMMARY:
==8583==     in use at exit: 27,868 bytes in 955 blocks
==8583==   total heap usage: 4,506 allocs, 3,551 frees, 2,152,092 bytes allocated
==8583== 
==8583== LEAK SUMMARY:
==8583==    definitely lost: 0 bytes in 0 blocks
==8583==    indirectly lost: 0 bytes in 0 blocks
==8583==      possibly lost: 0 bytes in 0 blocks
==8583==    still reachable: 27,868 bytes in 955 blocks
==8583==         suppressed: 0 bytes in 0 blocks
==8583== Reachable blocks (those to which a pointer was found) are not shown.
==8583== To see them, rerun with: --leak-check=full --show-leak-kinds=all
==8583== 
==8583== For lists of detected and suppressed errors, rerun with: -s
==8583== ERROR SUMMARY: 0 errors from 0 contexts (suppressed: 0 from 0)
==8584== 
==8584== HEAP SUMMARY:
==8584==     in use at exit: 27,949 bytes in 958 blocks
==8584==   total heap usage: 4,521 allocs, 3,563 frees, 2,165,556 bytes allocated
==8584== 
==8584== LEAK SUMMARY:
==8584==    definitely lost: 0 bytes in 0 blocks
==8584==    indirectly lost: 0 bytes in 0 blocks
==8584==      possibly lost: 0 bytes in 0 blocks
==8584==    still reachable: 27,949 bytes in 958 blocks
==8584==         suppressed: 0 bytes in 0 blocks
==8584== Reachable blocks (those to which a pointer was found) are not shown.
==8584== To see them, rerun with: --leak-check=full --show-leak-kinds=all
==8584== 
==8584== For lists of detected and suppressed errors, rerun with: -s
==8584== ERROR SUMMARY: 0 errors from 0 contexts (suppressed: 0 from 0)
==8585== 
==8585== HEAP SUMMARY:
==8585==     in use at exit: 28,030 bytes in 961 blocks
==8585==   total heap usage: 4,531 allocs, 3,570 frees, 2,177,910 bytes allocated
==8585== 
==8585== LEAK SUMMARY:
==8585==    definitely lost: 0 bytes in 0 blocks
==8585==    indirectly lost: 0 bytes in 0 blocks
==8585==      possibly lost: 0 bytes in 0 blocks
==8585==    still reachable: 28,030 bytes in 961 blocks
==8585==         suppressed: 0 bytes in 0 blocks
==8585== Reachable blocks (those to which a pointer was found) are not shown.
==8585== To see them, rerun with: --leak-check=full --show-leak-kinds=all
==8585== 
==8585== For lists of detected and suppressed errors, rerun with: -s
==8585== ERROR SUMMARY: 0 errors from 0 contexts (suppressed: 0 from 0)
==8586== 
==8586== HEAP SUMMARY:
==8586==     in use at exit: 28,111 bytes in 964 blocks
==8586==   total heap usage: 4,544 allocs, 3,580 frees, 2,190,997 bytes allocated
==8586== 
==8586== LEAK SUMMARY:
==8586==    definitely lost: 0 bytes in 0 blocks
==8586==    indirectly lost: 0 bytes in 0 blocks
==8586==      possibly lost: 0 bytes in 0 blocks
==8586==    still reachable: 28,111 bytes in 964 blocks
==8586==         suppressed: 0 bytes in 0 blocks
==8586== Reachable blocks (those to which a pointer was found) are not shown.
==8586== To see them, rerun with: --leak-check=full --show-leak-kinds=all
==8586== 
==8586== For lists of detected and suppressed errors, rerun with: -s
==8586== ERROR SUMMARY: 0 errors from 0 contexts (suppressed: 0 from 0)
==8587== 
==8587== HEAP SUMMARY:
==8587==     in use at exit: 28,192 bytes in 967 blocks
==8587==   total heap usage: 4,561 allocs, 3,594 frees, 2,204,178 bytes allocated
==8587== 
==8587== LEAK SUMMARY:
==8587==    definitely lost: 0 bytes in 0 blocks
==8587==    indirectly lost: 0 bytes in 0 blocks
==8587==      possibly lost: 0 bytes in 0 blocks
==8587==    still reachable: 28,192 bytes in 967 blocks
==8587==         suppressed: 0 bytes in 0 blocks
==8587== Reachable blocks (those to which a pointer was found) are not shown.
==8587== To see them, rerun with: --leak-check=full --show-leak-kinds=all
==8587== 
==8587== For lists of detected and suppressed errors, rerun with: -s
==8587== ERROR SUMMARY: 0 errors from 0 contexts (suppressed: 0 from 0)
==8588== 
==8588== HEAP SUMMARY:
==8588==     in use at exit: 28,273 bytes in 970 blocks
==8588==   total heap usage: 4,574 allocs, 3,604 frees, 2,217,243 bytes allocated
==8588== 
==8588== LEAK SUMMARY:
==8588==    definitely lost: 0 bytes in 0 blocks
==8588==    indirectly lost: 0 bytes in 0 blocks
==8588==      possibly lost: 0 bytes in 0 blocks
==8588==    still reachable: 28,273 bytes in 970 blocks
==8588==         suppressed: 0 bytes in 0 blocks
==8588== Reachable blocks (those to which a pointer was found) are not shown.
==8588== To see them, rerun with: --leak-check=full --show-leak-kinds=all
==8588== 
==8588== For lists of detected and suppressed errors, rerun with: -s
==8588== ERROR SUMMARY: 0 errors from 0 contexts (suppressed: 0 from 0)
==8589== 
==8589== HEAP SUMMARY:
==8589==     in use at exit: 28,354 bytes in 973 blocks
==8589==   total heap usage: 4,589 allocs, 3,616 frees, 2,230,377 bytes allocated
==8589== 
==8589== LEAK SUMMARY:
==8589==    definitely lost: 0 bytes in 0 blocks
==8589==    indirectly lost: 0 bytes in 0 blocks
==8589==      possibly lost: 0 bytes in 0 blocks
==8589==    still reachable: 28,354 bytes in 973 blocks
==8589==         suppressed: 0 bytes in 0 blocks
==8589== Reachable blocks (those to which a pointer was found) are not shown.
==8589== To see them, rerun with: --leak-check=full --show-leak-kinds=all
==8589== 
==8589== For lists of detected and suppressed errors, rerun with: -s
==8589== ERROR SUMMARY: 0 errors from 0 contexts (suppressed: 0 from 0)
==8590== 
==8590== HEAP SUMMARY:
==8590==     in use at exit: 28,435 bytes in 976 blocks
==8590==   total heap usage: 4,608 allocs, 3,632 frees, 2,243,594 bytes allocated
==8590== 
==8590== LEAK SUMMARY:
==8590==    definitely lost: 0 bytes in 0 blocks
==8590==    indirectly lost: 0 bytes in 0 blocks
==8590==      possibly lost: 0 bytes in 0 blocks
==8590==    still reachable: 28,435 bytes in 976 blocks
==8590==         suppressed: 0 bytes in 0 blocks
==8590== Reachable blocks (those to which a pointer was found) are not shown.
==8590== To see them, rerun with: --leak-check=full --show-leak-kinds=all
==8590== 
==8590== For lists of detected and suppressed errors, rerun with: -s
==8590== ERROR SUMMARY: 0 errors from 0 contexts (suppressed: 0 from 0)
==8591== 
==8591== HEAP SUMMARY:
==8591==     in use at exit: 28,516 bytes in 979 blocks
==8591==   total heap usage: 4,621 allocs, 3,642 frees, 2,256,648 bytes allocated
==8591== 
==8591== LEAK SUMMARY:
==8591==    definitely lost: 0 bytes in 0 blocks
==8591==    indirectly lost: 0 bytes in 0 blocks
==8591==      possibly lost: 0 bytes in 0 blocks
==8591==    still reachable: 28,516 bytes in 979 blocks
==8591==         suppressed: 0 bytes in 0 blocks
==8591== Reachable blocks (those to which a pointer was found) are not shown.
==8591== To see them, rerun with: --leak-check=full --show-leak-kinds=all
==8591== 
==8591== For lists of detected and suppressed errors, rerun with: -s
==8591== ERROR SUMMARY: 0 errors from 0 contexts (suppressed: 0 from 0)
==8592== 
==8592== HEAP SUMMARY:
==8592==     in use at exit: 28,597 bytes in 982 blocks
==8592==   total heap usage: 4,634 allocs, 3,652 frees, 2,269,735 bytes allocated
==8592== 
==8592== LEAK SUMMARY:
==8592==    definitely lost: 0 bytes in 0 blocks
==8592==    indirectly lost: 0 bytes in 0 blocks
==8592==      possibly lost: 0 bytes in 0 blocks
==8592==    still reachable: 28,597 bytes in 982 blocks
==8592==         suppressed: 0 bytes in 0 blocks
==8592== Reachable blocks (those to which a pointer was found) are not shown.
==8592== To see them, rerun with: --leak-check=full --show-leak-kinds=all
==8592== 
==8592== For lists of detected and suppressed errors, rerun with: -s
==8592== ERROR SUMMARY: 0 errors from 0 contexts (suppressed: 0 from 0)
==8593== 
==8593== HEAP SUMMARY:
==8593==     in use at exit: 28,678 bytes in 985 blocks
==8593==   total heap usage: 4,653 allocs, 3,668 frees, 2,282,963 bytes allocated
==8593== 
==8593== LEAK SUMMARY:
==8593==    definitely lost: 0 bytes in 0 blocks
==8593==    indirectly lost: 0 bytes in 0 blocks
==8593==      possibly lost: 0 bytes in 0 blocks
==8593==    still reachable: 28,678 bytes in 985 blocks
==8593==         suppressed: 0 bytes in 0 blocks
==8593== Reachable blocks (those to which a pointer was found) are not shown.
==8593== To see them, rerun with: --leak-check=full --show-leak-kinds=all
==8593== 
==8593== For lists of detected and suppressed errors, rerun with: -s
==8593== ERROR SUMMARY: 0 errors from 0 contexts (suppressed: 0 from 0)
==8594== 
==8594== HEAP SUMMARY:
==8594==     in use at exit: 28,759 bytes in 988 blocks
==8594==   total heap usage: 4,666 allocs, 3,678 frees, 2,296,017 bytes allocated
==8594== 
==8594== LEAK SUMMARY:
==8594==    definitely lost: 0 bytes in 0 blocks
==8594==    indirectly lost: 0 bytes in 0 blocks
==8594==      possibly lost: 0 bytes in 0 blocks
==8594==    still reachable: 28,759 bytes in 988 blocks
==8594==         suppressed: 0 bytes in 0 blocks
==8594== Reachable blocks (those to which a pointer was found) are not shown.
==8594== To see them, rerun with: --leak-check=full --show-leak-kinds=all
==8594== 
==8594== For lists of detected and suppressed errors, rerun with: -s
==8594== ERROR SUMMARY: 0 errors from 0 contexts (suppressed: 0 from 0)
==8595== 
==8595== HEAP SUMMARY:
==8595==     in use at exit: 28,840 bytes in 991 blocks
==8595==   total heap usage: 4,679 allocs, 3,688 frees, 2,309,104 bytes allocated
==8595== 
==8595== LEAK SUMMARY:
==8595==    definitely lost: 0 bytes in 0 blocks
==8595==    indirectly lost: 0 bytes in 0 blocks
==8595==      possibly lost: 0 bytes in 0 blocks
==8595==    still reachable: 28,840 bytes in 991 blocks
==8595==         suppressed: 0 bytes in 0 blocks
==8595== Reachable blocks (those to which a pointer was found) are not shown.
==8595== To see them, rerun with: --leak-check=full --show-leak-kinds=all
==8595== 
==8595== For lists of detected and suppressed errors, rerun with: -s
==8595== ERROR SUMMARY: 0 errors from 0 contexts (suppressed: 0 from 0)
==8596== 
==8596== HEAP SUMMARY:
==8596==     in use at exit: 28,921 bytes in 994 blocks
==8596==   total heap usage: 4,694 allocs, 3,700 frees, 2,322,238 bytes allocated
==8596== 
==8596== LEAK SUMMARY:
==8596==    definitely lost: 0 bytes in 0 blocks
==8596==    indirectly lost: 0 bytes in 0 blocks
==8596==      possibly lost: 0 bytes in 0 blocks
==8596==    still reachable: 28,921 bytes in 994 blocks
==8596==         suppressed: 0 bytes in 0 blocks
==8596== Reachable blocks (those to which a pointer was found) are not shown.
==8596== To see them, rerun with: --leak-check=full --show-leak-kinds=all
==8596== 
==8596== For lists of detected and suppressed errors, rerun with: -s
==8596== ERROR SUMMARY: 0 errors from 0 contexts (suppressed: 0 from 0)
==8597== 
==8597== HEAP SUMMARY:
==8597==     in use at exit: 29,002 bytes in 997 blocks
==8597==   total heap usage: 4,709 allocs, 3,712 frees, 2,335,361 bytes allocated
==8597== 
==8597== LEAK SUMMARY:
==8597==    definitely lost: 0 bytes in 0 blocks
==8597==    indirectly lost: 0 bytes in 0 blocks
==8597==      possibly lost: 0 bytes in 0 blocks
==8597==    still reachable: 29,002 bytes in 997 blocks
==8597==         suppressed: 0 bytes in 0 blocks
==8597== Reachable blocks (those to which a pointer was found) are not shown.
==8597== To see them, rerun with: --leak-check=full --show-leak-kinds=all
==8597== 
==8597== For lists of detected and suppressed errors, rerun with: -s
==8597== ERROR SUMMARY: 0 errors from 0 contexts (suppressed: 0 from 0)
==8598== 
==8598== HEAP SUMMARY:
==8598==     in use at exit: 29,083 bytes in 1,000 blocks
==8598==   total heap usage: 4,724 allocs, 3,724 frees, 2,348,484 bytes allocated
==8598== 
==8598== LEAK SUMMARY:
==8598==    definitely lost: 0 bytes in 0 blocks
==8598==    indirectly lost: 0 bytes in 0 blocks
==8598==      possibly lost: 0 bytes in 0 blocks
==8598==    still reachable: 29,083 bytes in 1,000 blocks
==8598==         suppressed: 0 bytes in 0 blocks
==8598== Reachable blocks (those to which a pointer was found) are not shown.
==8598== To see them, rerun with: --leak-check=full --show-leak-kinds=all
==8598== 
==8598== For lists of detected and suppressed errors, rerun with: -s
==8598== ERROR SUMMARY: 0 errors from 0 contexts (suppressed: 0 from 0)
==8599== 
==8599== HEAP SUMMARY:
==8599==     in use at exit: 29,164 bytes in 1,003 blocks
==8599==   total heap usage: 4,739 allocs, 3,736 frees, 2,361,607 bytes allocated
==8599== 
==8599== LEAK SUMMARY:
==8599==    definitely lost: 0 bytes in 0 blocks
==8599==    indirectly lost: 0 bytes in 0 blocks
==8599==      possibly lost: 0 bytes in 0 blocks
==8599==    still reachable: 29,164 bytes in 1,003 blocks
==8599==         suppressed: 0 bytes in 0 blocks
==8599== Reachable blocks (those to which a pointer was found) are not shown.
==8599== To see them, rerun with: --leak-check=full --show-leak-kinds=all
==8599== 
==8599== For lists of detected and suppressed errors, rerun with: -s
==8599== ERROR SUMMARY: 0 errors from 0 contexts (suppressed: 0 from 0)
==8600== 
==8600== HEAP SUMMARY:
==8600==     in use at exit: 29,245 bytes in 1,006 blocks
==8600==   total heap usage: 4,754 allocs, 3,748 frees, 2,374,730 bytes allocated
==8600== 
==8600== LEAK SUMMARY:
==8600==    definitely lost: 0 bytes in 0 blocks
==8600==    indirectly lost: 0 bytes in 0 blocks
==8600==      possibly lost: 0 bytes in 0 blocks
==8600==    still reachable: 29,245 bytes in 1,006 blocks
==8600==         suppressed: 0 bytes in 0 blocks
==8600== Reachable blocks (those to which a pointer was found) are not shown.
==8600== To see them, rerun with: --leak-check=full --show-leak-kinds=all
==8600== 
==8600== For lists of detected and suppressed errors, rerun with: -s
==8600== ERROR SUMMARY: 0 errors from 0 contexts (suppressed: 0 from 0)
==8601== 
==8601== HEAP SUMMARY:
==8601==     in use at exit: 29,326 bytes in 1,009 blocks
==8601==   total heap usage: 4,769 allocs, 3,760 frees, 2,387,853 bytes allocated
==8601== 
==8601== LEAK SUMMARY:
==8601==    definitely lost: 0 bytes in 0 blocks
==8601==    indirectly lost: 0 bytes in 0 blocks
==8601==      possibly lost: 0 bytes in 0 blocks
==8601==    still reachable: 29,326 bytes in 1,009 blocks
==8601==         suppressed: 0 bytes in 0 blocks
==8601== Reachable blocks (those to which a pointer was found) are not shown.
==8601== To see them, rerun with: --leak-check=full --show-leak-kinds=all
==8601== 
==8601== For lists of detected and suppressed errors, rerun with: -s
==8601== ERROR SUMMARY: 0 errors from 0 contexts (suppressed: 0 from 0)
==8602== 
==8602== HEAP SUMMARY:
==8602==     in use at exit: 29,407 bytes in 1,012 blocks
==8602==   total heap usage: 4,784 allocs, 3,772 frees, 2,400,976 bytes allocated
==8602== 
==8602== LEAK SUMMARY:
==8602==    definitely lost: 0 bytes in 0 blocks
==8602==    indirectly lost: 0 bytes in 0 blocks
==8602==      possibly lost: 0 bytes in 0 blocks
==8602==    still reachable: 29,407 bytes in 1,012 blocks
==8602==         suppressed: 0 bytes in 0 blocks
==8602== Reachable blocks (those to which a pointer was found) are not shown.
==8602== To see them, rerun with: --leak-check=full --show-leak-kinds=all
==8602== 
==8602== For lists of detected and suppressed errors, rerun with: -s
==8602== ERROR SUMMARY: 0 errors from 0 contexts (suppressed: 0 from 0)
==8603== 
==8603== HEAP SUMMARY:
==8603==     in use at exit: 29,488 bytes in 1,015 blocks
==8603==   total heap usage: 4,799 allocs, 3,784 frees, 2,414,099 bytes allocated
==8603== 
==8603== LEAK SUMMARY:
==8603==    definitely lost: 0 bytes in 0 blocks
==8603==    indirectly lost: 0 bytes in 0 blocks
==8603==      possibly lost: 0 bytes in 0 blocks
==8603==    still reachable: 29,488 bytes in 1,015 blocks
==8603==         suppressed: 0 bytes in 0 blocks
==8603== Reachable blocks (those to which a pointer was found) are not shown.
==8603== To see them, rerun with: --leak-check=full --show-leak-kinds=all
==8603== 
==8603== For lists of detected and suppressed errors, rerun with: -s
==8603== ERROR SUMMARY: 0 errors from 0 contexts (suppressed: 0 from 0)
==8604== 
==8604== HEAP SUMMARY:
==8604==     in use at exit: 29,569 bytes in 1,018 blocks
==8604==   total heap usage: 4,810 allocs, 3,792 frees, 2,427,128 bytes allocated
==8604== 
==8604== LEAK SUMMARY:
==8604==    definitely lost: 0 bytes in 0 blocks
==8604==    indirectly lost: 0 bytes in 0 blocks
==8604==      possibly lost: 0 bytes in 0 blocks
==8604==    still reachable: 29,569 bytes in 1,018 blocks
==8604==         suppressed: 0 bytes in 0 blocks
==8604== Reachable blocks (those to which a pointer was found) are not shown.
==8604== To see them, rerun with: --leak-check=full --show-leak-kinds=all
==8604== 
==8604== For lists of detected and suppressed errors, rerun with: -s
==8604== ERROR SUMMARY: 0 errors from 0 contexts (suppressed: 0 from 0)
==8605== 
==8605== HEAP SUMMARY:
==8605==     in use at exit: 29,650 bytes in 1,021 blocks
==8605==   total heap usage: 4,821 allocs, 3,800 frees, 2,440,179 bytes allocated
==8605== 
==8605== LEAK SUMMARY:
==8605==    definitely lost: 0 bytes in 0 blocks
==8605==    indirectly lost: 0 bytes in 0 blocks
==8605==      possibly lost: 0 bytes in 0 blocks
==8605==    still reachable: 29,650 bytes in 1,021 blocks
==8605==         suppressed: 0 bytes in 0 blocks
==8605== Reachable blocks (those to which a pointer was found) are not shown.
==8605== To see them, rerun with: --leak-check=full --show-leak-kinds=all
==8605== 
==8605== For lists of detected and suppressed errors, rerun with: -s
==8605== ERROR SUMMARY: 0 errors from 0 contexts (suppressed: 0 from 0)
==8606== 
==8606== HEAP SUMMARY:
==8606==     in use at exit: 29,731 bytes in 1,024 blocks
==8606==   total heap usage: 4,836 allocs, 3,812 frees, 2,453,324 bytes allocated
==8606== 
==8606== LEAK SUMMARY:
==8606==    definitely lost: 0 bytes in 0 blocks
==8606==    indirectly lost: 0 bytes in 0 blocks
==8606==      possibly lost: 0 bytes in 0 blocks
==8606==    still reachable: 29,731 bytes in 1,024 blocks
==8606==         suppressed: 0 bytes in 0 blocks
==8606== Reachable blocks (those to which a pointer was found) are not shown.
==8606== To see them, rerun with: --leak-check=full --show-leak-kinds=all
==8606== 
==8606== For lists of detected and suppressed errors, rerun with: -s
==8606== ERROR SUMMARY: 0 errors from 0 contexts (suppressed: 0 from 0)
==8607== 
==8607== HEAP SUMMARY:
==8607==     in use at exit: 29,812 bytes in 1,027 blocks
==8607==   total heap usage: 4,851 allocs, 3,824 frees, 2,466,447 bytes allocated
==8607== 
==8607== LEAK SUMMARY:
==8607==    definitely lost: 0 bytes in 0 blocks
==8607==    indirectly lost: 0 bytes in 0 blocks
==8607==      possibly lost: 0 bytes in 0 blocks
==8607==    still reachable: 29,812 bytes in 1,027 blocks
==8607==         suppressed: 0 bytes in 0 blocks
==8607== Reachable blocks (those to which a pointer was found) are not shown.
==8607== To see them, rerun with: --leak-check=full --show-leak-kinds=all
==8607== 
==8607== For lists of detected and suppressed errors, rerun with: -s
==8607== ERROR SUMMARY: 0 errors from 0 contexts (suppressed: 0 from 0)
==8397== 
==8397== HEAP SUMMARY:
==8397==     in use at exit: 0 bytes in 0 blocks
==8397==   total heap usage: 4,857 allocs, 4,857 frees, 2,475,599 bytes allocated
==8397== 
==8397== All heap blocks were freed -- no leaks are possible
==8397== 
==8397== For lists of detected and suppressed errors, rerun with: -s
==8397== ERROR SUMMARY: 0 errors from 0 contexts (suppressed: 0 from 0)
